#rnd_rate;wrt_rate;io_size;ssd_iops;ssd_tot_cpu;hdd_iops;hdd_tot_cpu
0.0;0.0;0.001953125;2.99928766918e-05;0.388575;3.60760121576e-05;0.299575
0.0;0.0;0.00390625;3.40052198012e-05;0.3758;4.35255712731e-05;0.319075
0.0;0.0;0.0078125;4.13830205467e-05;0.3072;6.42776795758e-05;0.2177
0.0;0.0;0.015625;5.76352266505e-05;0.2318;0.000128720836685;0.14155
0.0;0.0;0.03125;9.34557603794e-05;0.184875;0.000257118981809;0.098475
0.0;0.0;0.0625;0.000159305428332;0.1222;0.000514271020828;0.0675
0.0;0.0;0.125;0.00027972027972;0.0642;0.00103092783505;0.05825
0.0;0.0;0.25;0.000529100529101;0.056325;0.00206398348813;0.0491
0.0;0.0;0.5;0.00111080255485;0.07225;0.00412796697626;0.0237
0.0;0.0;1.0;0.0020964360587;0.064575;0.00828157349896;0.01575
0.0;0.2;0.001953125;0.000106544495645;0.186775;0.000550433466355;0.0387
0.0;0.2;0.00390625;0.000110837097176;0.168625;0.00952380952381;0.00505
0.0;0.2;0.0078125;0.000135888028265;0.170675;0.0116618075802;0.0037
0.0;0.2;0.015625;0.000178015131286;0.143575;0.0138408304498;0.003425
0.0;0.2;0.03125;0.000227221086117;0.110175;0.0160642570281;0.0034
0.0;0.2;0.0625;0.000320307495195;0.103325;0.0183486238532;0.0034
0.0;0.2;0.125;0.00048432013561;0.079975;0.0196078431373;0.0035
0.0;0.2;0.25;0.000804181745074;0.062275;0.020942408377;0.003775
0.0;0.2;0.5;0.00144927536232;0.0726;0.0203045685279;0.005125
0.0;0.2;1.0;0.00246305418719;0.0489;0.019512195122;0.00835
0.0;0.4;0.001953125;0.000108926529056;0.1726;0.000692880651308;0.033675
0.0;0.4;0.00390625;0.00011136167488;0.1571;0.00675675675676;0.0063
0.0;0.4;0.0078125;0.000144712564668;0.159325;0.00740740740741;0.005525
0.0;0.4;0.015625;0.000195694716243;0.141475;0.00742115027829;0.006475
0.0;0.4;0.03125;0.000252095544211;0.1172;0.00747663551402;0.007525
0.0;0.4;0.0625;0.000360847992783;0.10045;0.00638977635783;0.010675
0.0;0.4;0.125;0.000544736483726;0.077925;0.00395647873393;0.019675
0.0;0.4;0.25;0.000910125142207;0.059175;0.00442967884828;0.02265
0.0;0.4;0.5;0.00158604282316;0.0696;0.00593471810089;0.020775
0.0;0.4;1.0;0.00273224043716;0.053275;0.00970873786408;0.0176
0.0;0.6;0.001953125;9.72478848585e-05;0.198525;0.000788643533123;0.031325
0.0;0.6;0.00390625;0.000104777870914;0.201225;0.00480192076831;0.00855
0.0;0.6;0.0078125;0.000134354426978;0.1667;0.00475059382423;0.0086
0.0;0.6;0.015625;0.000183469406476;0.14485;0.00387972841901;0.0122
0.0;0.6;0.03125;0.000238081066603;0.120725;0.0032154340836;0.01765
0.0;0.6;0.0625;0.000363636363636;0.0921;0.00294550810015;0.022875
0.0;0.6;0.125;0.00055470808487;0.066575;0.00378787878788;0.02165
0.0;0.6;0.25;0.000952380952381;0.0618;0.00429645542427;0.0257
0.0;0.6;0.5;0.0016077170418;0.074875;0.00610687022901;0.02225
0.0;0.6;1.0;0.00282485875706;0.0515;0.010152284264;0.014925
0.0;0.8;0.001953125;7.00255593292e-05;0.207725;0.000949667616334;0.02635
0.0;0.8;0.00390625;8.24453284416e-05;0.222775;0.00303490136571;0.01245
0.0;0.8;0.0078125;0.000104455006006;0.187725;0.0026455026455;0.014525
0.0;0.8;0.015625;0.000143287003869;0.171825;0.00176289114147;0.0234
0.0;0.8;0.03125;0.000203086921202;0.1277;0.00189304306673;0.027325
0.0;0.8;0.0625;0.000321698568441;0.09995;0.00214707461084;0.0283
0.0;0.8;0.125;0.00051719679338;0.06755;0.00249066002491;0.029425
0.0;0.8;0.25;0.00087700065775;0.054025;0.00354609929078;0.024775
0.0;0.8;0.5;0.00154918667699;0.07595;0.00558659217877;0.021975
0.0;0.8;1.0;0.00282685512367;0.056875;0.0103092783505;0.016675
0.0;1.0;0.001953125;3.53513035793e-05;0.36745;4.17667327973e-05;0.307375
0.0;1.0;0.00390625;3.92222233117e-05;0.35725;4.54674623473e-05;0.3138
0.0;1.0;0.0078125;4.77737435505e-05;0.292725;6.3224113677e-05;0.2387
0.0;1.0;0.015625;6.35172687574e-05;0.215925;0.000125372198715;0.162875
0.0;1.0;0.03125;0.000105321361805;0.207225;0.000252206809584;0.1159
0.0;1.0;0.0625;0.000175407823189;0.142;0.000501882057716;0.0692
0.0;1.0;0.125;0.000306466441925;0.101125;0.00100401606426;0.062325
0.0;1.0;0.25;0.000586424277965;0.08745;0.0020202020202;0.055175
0.0;1.0;0.5;0.00118448326917;0.099375;0.00398803589232;0.028875
0.0;1.0;1.0;0.00219178082192;0.0641;0.00803212851406;0.020675
0.2;0.0;0.001953125;9.98477322084e-05;0.1267;0.00110957004161;0.03255
0.2;0.0;0.00390625;0.000108181203516;0.14005;0.00110926234054;0.03285
0.2;0.0;0.0078125;0.00012379684937;0.1557;0.00112233445567;0.027325
0.2;0.0;0.015625;0.000144087028565;0.1526;0.00113668655868;0.0277
0.2;0.0;0.03125;0.000181950509461;0.14675;0.00127429117553;0.030575
0.2;0.0;0.0625;0.000243798378741;0.09825;0.00155763239875;0.0329
0.2;0.0;0.125;0.000376364320662;0.0844;0.00204290091931;0.033675
0.2;0.0;0.25;0.00063724709256;0.072675;0.00317712470214;0.031525
0.2;0.0;0.5;0.00123001230012;0.0958;0.00510855683269;0.01835
0.2;0.0;1.0;0.00220750551876;0.065875;0.00954653937947;0.0138
0.2;0.2;0.001953125;0.000110867817844;0.16695;0.00713012477718;0.00875
0.2;0.2;0.00390625;0.000113433343731;0.159425;0.0062893081761;0.009575
0.2;0.2;0.0078125;0.000141833912488;0.153525;0.00292825768668;0.015125
0.2;0.2;0.015625;0.00018647149317;0.1334;0.00293685756241;0.0163
0.2;0.2;0.03125;0.00024743288383;0.097725;0.00327332242226;0.01575
0.2;0.2;0.0625;0.000378429517502;0.097675;0.00344530577089;0.0175
0.2;0.2;0.125;0.000532694100413;0.064325;0.00297397769517;0.02295
0.2;0.2;0.25;0.000801282051282;0.06095;0.00398009950249;0.0194
0.2;0.2;0.5;0.0014598540146;0.072125;0.00621118012422;0.0199
0.2;0.2;1.0;0.00253807106599;0.059225;0.00968523002421;0.014975
0.2;0.4;0.001953125;0.000104471374843;0.184775;0.00934579439252;0.006375
0.2;0.4;0.00390625;0.000111203780929;0.18325;0.0093023255814;0.00645
0.2;0.4;0.0078125;0.000143204926249;0.1523;0.00849256900212;0.0064
0.2;0.4;0.015625;0.000198826921165;0.111425;0.00875273522976;0.006475
0.2;0.4;0.03125;0.000291205591147;0.102025;0.00997506234414;0.005825
0.2;0.4;0.0625;0.000424718623912;0.0918;0.0103092783505;0.006225
0.2;0.4;0.125;0.000649561545956;0.077;0.0103092783505;0.006925
0.2;0.4;0.25;0.000976800976801;0.055125;0.00715563506261;0.0124
0.2;0.4;0.5;0.00158102766798;0.07305;0.00667779632721;0.0204
0.2;0.4;1.0;0.00275482093664;0.0565;0.010101010101;0.013175
0.2;0.6;0.001953125;8.94914647515e-05;0.202075;0.00597907324365;0.009525
0.2;0.6;0.00390625;9.7761266986e-05;0.20035;0.00597014925373;0.009925
0.2;0.6;0.0078125;0.000134174158057;0.17475;0.00268636668905;0.01875
0.2;0.6;0.015625;0.000189726319784;0.128575;0.00299401197605;0.0174
0.2;0.6;0.03125;0.000291163196972;0.1053;0.00322320709106;0.017525
0.2;0.6;0.0625;0.000416579879192;0.0936;0.00348128807659;0.019625
0.2;0.6;0.125;0.000585394409483;0.08;0.00383509108341;0.0216
0.2;0.6;0.25;0.000957625089777;0.063975;0.00302800908403;0.021025
0.2;0.6;0.5;0.00161877782274;0.074325;0.00518806744488;0.0205
0.2;0.6;1.0;0.00285714285714;0.050925;0.010989010989;0.01475
0.2;0.8;0.001953125;6.77541202974e-05;0.23685;0.00364298724954;0.011925
0.2;0.8;0.00390625;7.37395151627e-05;0.217825;0.00394866732478;0.012725
0.2;0.8;0.0078125;0.000104305197006;0.180325;0.00206825232678;0.02135
0.2;0.8;0.015625;0.000156549645806;0.133325;0.0020725388601;0.022825
0.2;0.8;0.03125;0.000239578342118;0.117425;0.00221116639027;0.022475
0.2;0.8;0.0625;0.000345125107852;0.1074;0.00248756218905;0.02445
0.2;0.8;0.125;0.000556483027268;0.0714;0.00278357689631;0.026875
0.2;0.8;0.25;0.000918062887308;0.0707;0.00353356890459;0.025025
0.2;0.8;0.5;0.00157666535278;0.07485;0.00547945205479;0.021075
0.2;0.8;1.0;0.00277008310249;0.05265;0.0103092783505;0.015125
0.2;1.0;0.001953125;3.3732501265e-05;0.3507;0.000317158261973;0.079375
0.2;1.0;0.00390625;3.77611418969e-05;0.3451;0.000617093489664;0.0542
0.2;1.0;0.0078125;4.72238291442e-05;0.307975;0.000703111267358;0.04725
0.2;1.0;0.015625;6.09273137147e-05;0.2089;0.000582580833091;0.069275
0.2;1.0;0.03125;0.000101965382753;0.19675;0.000962695547533;0.03745
0.2;1.0;0.0625;0.000176991150442;0.142975;0.000808080808081;0.05495
0.2;1.0;0.125;0.000321646831779;0.1088;0.00127754710955;0.030975
0.2;1.0;0.25;0.00059514953132;0.092225;0.00124766063631;0.0354
0.2;1.0;0.5;0.00118133490845;0.093275;0.00308404009252;0.0326
0.2;1.0;1.0;0.00224845418775;0.060325;0.00760456273764;0.01955
0.4;0.0;0.001953125;0.000110350915913;0.1254;0.00215866162979;0.02915
0.4;0.0;0.00390625;0.000116241899393;0.134625;0.00215169445939;0.028075
0.4;0.0;0.0078125;0.00012565181881;0.12265;0.00216802168022;0.0226
0.4;0.0;0.015625;0.000142989919211;0.114625;0.00217155266015;0.02265
0.4;0.0;0.03125;0.000187961092054;0.125825;0.00233372228705;0.024225
0.4;0.0;0.0625;0.000259925921112;0.111725;0.00251889168766;0.026125
0.4;0.0;0.125;0.000372162262747;0.06795;0.00302114803625;0.024625
0.4;0.0;0.25;0.000636334712059;0.062925;0.00417101147028;0.02405
0.4;0.0;0.5;0.0012353304509;0.08515;0.00595238095238;0.0173
0.4;0.0;1.0;0.00220385674931;0.059175;0.00973236009732;0.01395
0.4;0.2;0.001953125;0.000109553023663;0.1531;0.00909090909091;0.006775
0.4;0.2;0.00390625;0.000120293516179;0.171825;0.00990099009901;0.0063
0.4;0.2;0.0078125;0.00014380729822;0.158725;0.0102301790281;0.005325
0.4;0.2;0.015625;0.000190168298945;0.1389;0.0117302052786;0.004725
0.4;0.2;0.03125;0.000261335424017;0.105525;0.0140845070423;0.004175
0.4;0.2;0.0625;0.000367309458219;0.1056;0.0162601626016;0.003775
0.4;0.2;0.125;0.000501127536958;0.078675;0.0176211453744;0.003925
0.4;0.2;0.25;0.000845308537616;0.06075;0.018018018018;0.004975
0.4;0.2;0.5;0.00145772594752;0.0756;0.0181818181818;0.0039
0.4;0.2;1.0;0.00250941028858;0.060025;0.00992555831266;0.01435
0.4;0.4;0.001953125;0.00010503098414;0.181725;0.00683760683761;0.0099
0.4;0.4;0.00390625;0.000108310091793;0.1742;0.00650406504065;0.009525
0.4;0.4;0.0078125;0.00013886478042;0.151775;0.00394088669951;0.01465
0.4;0.4;0.015625;0.000202367702115;0.117675;0.00406504065041;0.0146
0.4;0.4;0.03125;0.000296406076325;0.11635;0.00420609884332;0.01445
0.4;0.4;0.0625;0.000423504499735;0.084875;0.0042194092827;0.01695
0.4;0.4;0.125;0.000619770684847;0.07265;0.00452488687783;0.017775
0.4;0.4;0.25;0.000913033553983;0.060425;0.00508905852417;0.01875
0.4;0.4;0.5;0.00158793171894;0.06945;0.00574712643678;0.007525
0.4;0.4;1.0;0.00276434001382;0.05455;0.00826446280992;0.012225
0.4;0.6;0.001953125;9.2368086826e-05;0.208475;0.00869565217391;0.00625
0.4;0.6;0.00390625;9.83888820563e-05;0.20735;0.00649350649351;0.008425
0.4;0.6;0.0078125;0.000128514056225;0.1547;0.00550206327373;0.00935
0.4;0.6;0.015625;0.000198333994447;0.1216;0.00568181818182;0.0101
0.4;0.6;0.03125;0.00030238887209;0.091425;0.00567375886525;0.01055
0.4;0.6;0.0625;0.000390586856752;0.074675;0.00523560209424;0.012475
0.4;0.6;0.125;0.000590318772137;0.0784;0.00436205016358;0.019425
0.4;0.6;0.25;0.000922934933087;0.062275;0.00453001132503;0.02245
0.4;0.6;0.5;0.00164271047228;0.0656;0.00625;0.018975
0.4;0.6;1.0;0.0028129395218;0.05005;0.0103626943005;0.015625
0.4;0.8;0.001953125;7.1734724987e-05;0.2432;0.00666666666667;0.0066
0.4;0.8;0.00390625;7.54973387188e-05;0.2379;0.00394088669951;0.0116
0.4;0.8;0.0078125;0.000103396577573;0.1818;0.00330851943755;0.01355
0.4;0.8;0.015625;0.000162760416667;0.144925;0.00321027287319;0.014475
0.4;0.8;0.03125;0.000246199298332;0.113025;0.00287356321839;0.018225
0.4;0.8;0.0625;0.000343288705802;0.119725;0.00297176820208;0.0214
0.4;0.8;0.125;0.000538793103448;0.0692;0.00345423143351;0.022025
0.4;0.8;0.25;0.000897062121552;0.0641;0.00227014755959;0.023075
0.4;0.8;0.5;0.00158290463;0.06635;0.00329218106996;0.0208
0.4;0.8;1.0;0.00275862068966;0.045425;0.00792079207921;0.013775
0.4;1.0;0.001953125;3.58599668295e-05;0.364025;0.00353045013239;0.011125
0.4;1.0;0.00390625;3.9022486708e-05;0.35305;0.00134408602151;0.02985
0.4;1.0;0.0078125;4.87662147664e-05;0.31495;0.00135639199729;0.031125
0.4;1.0;0.015625;6.62635633231e-05;0.246325;0.0014450867052;0.030125
0.4;1.0;0.03125;0.000105493578078;0.201675;0.0012213740458;0.049575
0.4;1.0;0.0625;0.000193977013724;0.188775;0.0014652014652;0.0436
0.4;1.0;0.125;0.000315930811152;0.108925;0.00173988690735;0.037975
0.4;1.0;0.25;0.000608457560085;0.07575;0.0022766078543;0.03845
0.4;1.0;0.5;0.00123954136969;0.105125;0.00197433366239;0.0353
0.4;1.0;1.0;0.00225606316977;0.055725;0.0070796460177;0.01495
0.6;0.0;0.001953125;0.000109493047192;0.112625;0.00313725490196;0.022875
0.6;0.0;0.00390625;0.000120776593496;0.139975;0.003108003108;0.02425
0.6;0.0;0.0078125;0.000130280428623;0.136875;0.00312012480499;0.01965
0.6;0.0;0.015625;0.000151417647727;0.132925;0.00311041990669;0.017225
0.6;0.0;0.03125;0.000191525017955;0.135975;0.00325467860049;0.018975
0.6;0.0;0.0625;0.000242644828632;0.06415;0.00347826086957;0.019225
0.6;0.0;0.125;0.000387859982546;0.08875;0.00397219463754;0.01925
0.6;0.0;0.25;0.000635828962009;0.058725;0.00506970849176;0.020025
0.6;0.0;0.5;0.00124107973937;0.08675;0.00679117147708;0.016225
0.6;0.0;1.0;0.00220872446162;0.06125;0.0111111111111;0.013075
0.6;0.2;0.001953125;0.00011571060777;0.176875;0.00881057268722;0.006925
0.6;0.2;0.00390625;0.0001178133836;0.16375;0.00877192982456;0.007
0.6;0.2;0.0078125;0.000144812106292;0.1686;0.00941176470588;0.005875
0.6;0.2;0.015625;0.000188928773852;0.130975;0.010781671159;0.005275
0.6;0.2;0.03125;0.000252381853745;0.1099;0.0121580547112;0.004775
0.6;0.2;0.0625;0.000355713650511;0.086775;0.0150943396226;0.004175
0.6;0.2;0.125;0.000524727797455;0.0715;0.0162601626016;0.0043
0.6;0.2;0.25;0.000876232201533;0.05415;0.0165975103734;0.00525
0.6;0.2;0.5;0.0014657383657;0.0719;0.00759013282732;0.0156
0.6;0.2;1.0;0.00255264837269;0.059075;0.010781671159;0.014975
0.6;0.4;0.001953125;0.00010649910807;0.18875;0.00662251655629;0.01045
0.6;0.4;0.00390625;0.00011291142099;0.1916;0.00514800514801;0.01465
0.6;0.4;0.0078125;0.000141357741103;0.156675;0.00436205016358;0.01285
0.6;0.4;0.015625;0.000203179763296;0.1353;0.00433839479393;0.01415
0.6;0.4;0.03125;0.000293923139099;0.104125;0.00454029511918;0.0141
0.6;0.4;0.0625;0.000407124681934;0.0988;0.00457142857143;0.01535
0.6;0.4;0.125;0.000554785020804;0.066075;0.00471142520612;0.0171
0.6;0.4;0.25;0.000922722029988;0.0553;0.00527009222661;0.01905
0.6;0.4;0.5;0.00157356412274;0.073275;0.00701754385965;0.0187
0.6;0.4;1.0;0.00276816608997;0.0526;0.0112359550562;0.01525
0.6;0.6;0.001953125;9.1407678245e-05;0.195125;0.00952380952381;0.005725
0.6;0.6;0.00390625;9.53357008366e-05;0.19445;0.00613496932515;0.009
0.6;0.6;0.0078125;0.000128172263522;0.147325;0.00561797752809;0.009275
0.6;0.6;0.015625;0.000191570881226;0.1089;0.00528401585205;0.010125
0.6;0.6;0.03125;0.000290002175016;0.10885;0.00484261501211;0.011875
0.6;0.6;0.0625;0.000430385194749;0.0857;0.00417972831766;0.0162
0.6;0.6;0.125;0.000657678395265;0.07495;0.0042872454448;0.02015
0.6;0.6;0.25;0.000953061710746;0.0604;0.00487804878049;0.0202
0.6;0.6;0.5;0.00164068908942;0.067275;0.00651465798046;0.017975
0.6;0.6;1.0;0.0028129395218;0.05175;0.0108108108108;0.01445
0.6;0.8;0.001953125;6.84439273125e-05;0.209025;0.00826446280992;0.0055
0.6;0.8;0.00390625;7.18790993549e-05;0.21645;0.00399201596806;0.01205
0.6;0.8;0.0078125;0.000101160820414;0.16675;0.00377358490566;0.0131
0.6;0.8;0.015625;0.00015943877551;0.147925;0.00386847195358;0.0128
0.6;0.8;0.03125;0.000254695956702;0.096925;0.00353669319187;0.0153
0.6;0.8;0.0625;0.000398525455813;0.081575;0.00317965023847;0.020625
0.6;0.8;0.125;0.000559049615653;0.070375;0.00348128807659;0.0215
0.6;0.8;0.25;0.000904159132007;0.0608;0.00382775119617;0.024
0.6;0.8;0.5;0.00155945419103;0.078875;0.00564971751412;0.0196
0.6;0.8;1.0;0.00280308339173;0.052025;0.010101010101;0.016525
0.6;1.0;0.001953125;3.57356632986e-05;0.353625;0.00610687022901;0.00755
0.6;1.0;0.00390625;3.91980087412e-05;0.3526;0.00192585459798;0.025075
0.6;1.0;0.0078125;4.73714752662e-05;0.313175;0.00192122958694;0.0266
0.6;1.0;0.015625;6.90631582582e-05;0.230275;0.00194269062652;0.027275
0.6;1.0;0.03125;0.000101053482556;0.18395;0.00197726149283;0.02935
0.6;1.0;0.0625;0.000190539703711;0.1752;0.00166181969256;0.044675
0.6;1.0;0.125;0.000323703164198;0.12335;0.00204185809086;0.03675
0.6;1.0;0.25;0.000594265339474;0.077825;0.00303951367781;0.031075
0.6;1.0;0.5;0.0012070006035;0.080575;0.0043956043956;0.0243
0.6;1.0;1.0;0.00222841225627;0.063025;0.00766283524904;0.0203
0.8;0.0;0.001953125;0.000114649316403;0.133275;0.00398406374502;0.014
0.8;0.0;0.00390625;0.000118280205808;0.122875;0.00398406374502;0.01385
0.8;0.0;0.0078125;0.000130736043927;0.1298;0.00398406374502;0.01265
0.8;0.0;0.015625;0.000150568395694;0.133925;0.00394477317554;0.013375
0.8;0.0;0.03125;0.000189969604863;0.145225;0.00392541707556;0.01405
0.8;0.0;0.0625;0.000264096130992;0.113625;0.00404858299595;0.015225
0.8;0.0;0.125;0.00038606312132;0.07885;0.00488997555012;0.014575
0.8;0.0;0.25;0.000650829808005;0.071075;0.00597014925373;0.01595
0.8;0.0;0.5;0.00123800680904;0.0911;0.0082135523614;0.01345
0.8;0.0;1.0;0.00220385674931;0.0523;0.0120481927711;0.0117
0.8;0.2;0.001953125;0.000114833634772;0.17325;0.00854700854701;0.0071
0.8;0.2;0.00390625;0.000120467413565;0.17525;0.00888888888889;0.00695
0.8;0.2;0.0078125;0.00014194464159;0.15705;0.0100250626566;0.0055
0.8;0.2;0.015625;0.000189089533894;0.138375;0.0117302052786;0.0048
0.8;0.2;0.03125;0.000251698968034;0.106375;0.0138408304498;0.00425
0.8;0.2;0.0625;0.000362647325476;0.120675;0.0168776371308;0.003825
0.8;0.2;0.125;0.000516662361147;0.081175;0.0203045685279;0.003475
0.8;0.2;0.25;0.000816159967354;0.0599;0.0213903743316;0.003975
0.8;0.2;0.5;0.00148588410104;0.0656;0.018779342723;0.00575
0.8;0.2;1.0;0.00250312891114;0.054225;0.0122324159021;0.01275
0.8;0.4;0.001953125;0.000105741778577;0.186425;0.01;0.005925
0.8;0.4;0.00390625;0.000109607058695;0.196625;0.00769230769231;0.0078
0.8;0.4;0.0078125;0.000142775556825;0.16855;0.00767754318618;0.0072
0.8;0.4;0.015625;0.000199501246883;0.126275;0.00779727095517;0.00735
0.8;0.4;0.03125;0.000290338970748;0.11385;0.00767754318618;0.0079
0.8;0.4;0.0625;0.000419507079182;0.10535;0.0064620355412;0.0103
0.8;0.4;0.125;0.000628140703518;0.065875;0.00520156046814;0.015475
0.8;0.4;0.25;0.000935016362786;0.061625;0.00623052959502;0.014275
0.8;0.4;0.5;0.00158227848101;0.0586;0.00793650793651;0.01615
0.8;0.4;1.0;0.00275671950379;0.0528;0.012012012012;0.012975
0.8;0.6;0.001953125;9.21128382268e-05;0.20535;0.0105263157895;0.00525
0.8;0.6;0.00390625;9.58083832335e-05;0.212975;0.00574712643678;0.009625
0.8;0.6;0.0078125;0.000130182906984;0.169275;0.00552486187845;0.00965
0.8;0.6;0.015625;0.000189528547738;0.1312;0.00521512385919;0.010375
0.8;0.6;0.03125;0.000276720857835;0.10825;0.00433839479393;0.0132
0.8;0.6;0.0625;0.00044014084507;0.096675;0.00414507772021;0.0163
0.8;0.6;0.125;0.000630318310747;0.085225;0.00458190148912;0.01695
0.8;0.6;0.25;0.000985464400099;0.06225;0.00519480519481;0.0193
0.8;0.6;0.5;0.00162999185004;0.07385;0.0070796460177;0.017775
0.8;0.6;1.0;0.00285103349964;0.05465;0.0118343195266;0.0124
0.8;0.8;0.001953125;7.06613906162e-05;0.2256;0.0102040816327;0.004725
0.8;0.8;0.00390625;7.18816827502e-05;0.2134;0.00407747196738;0.01225
0.8;0.8;0.0078125;0.000106157112527;0.192825;0.00378787878788;0.013
0.8;0.8;0.015625;0.000160211479152;0.139525;0.00355239786856;0.01435
0.8;0.8;0.03125;0.000248031251938;0.106525;0.00353356890459;0.015825
0.8;0.8;0.0625;0.000370301795964;0.08855;0.00331674958541;0.01995
0.8;0.8;0.125;0.000575871004895;0.073925;0.00384245917387;0.019825
0.8;0.8;0.25;0.000895455563018;0.0672;0.00395647873393;0.022875
0.8;0.8;0.5;0.00154619250097;0.06605;0.00579710144928;0.0204
0.8;0.8;1.0;0.00275862068966;0.050975;0.0104166666667;0.015025
0.8;1.0;0.001953125;3.36754194694e-05;0.367875;0.00909090909091;0.005725
0.8;1.0;0.00390625;3.94734245169e-05;0.3569;0.00250312891114;0.02155
0.8;1.0;0.0078125;4.83068450799e-05;0.320825;0.00247371675943;0.022575
0.8;1.0;0.015625;6.98567935732e-05;0.231275;0.00247218788628;0.0234
0.8;1.0;0.03125;0.000107163907196;0.212075;0.00239520958084;0.027425
0.8;1.0;0.0625;0.000170655744699;0.1296;0.00249066002491;0.0293
0.8;1.0;0.125;0.00031458906803;0.1019;0.00240673886883;0.036475
0.8;1.0;0.25;0.000600961538462;0.074725;0.00306983883346;0.03045
0.8;1.0;0.5;0.00121175401394;0.097175;0.00479041916168;0.022025
0.8;1.0;1.0;0.00236966824645;0.059275;0.00793650793651;0.0184
1.0;0.0;0.001953125;0.000108087659092;0.115525;0.00461893764434;0.01225
1.0;0.0;0.00390625;0.00011900511722;0.133825;0.0045871559633;0.013375
1.0;0.0;0.0078125;0.000133186827823;0.15425;0.00453514739229;0.011275
1.0;0.0;0.015625;0.000149097957358;0.1347;0.00449438202247;0.011625
1.0;0.0;0.03125;0.000186297797029;0.13695;0.00441014332966;0.01245
1.0;0.0;0.0625;0.000261318351081;0.109825;0.00438596491228;0.0182
1.0;0.0;0.125;0.000389218643573;0.0865;0.00555555555556;0.01365
1.0;0.0;0.25;0.000642673521851;0.066075;0.00700525394046;0.01375
1.0;0.0;0.5;0.00121359223301;0.072025;0.00921658986175;0.01255
1.0;0.0;1.0;0.00221238938053;0.065725;0.013698630137;0.010275
1.0;0.2;0.001953125;0.000113717128643;0.175775;0.00803212851406;0.0075
1.0;0.2;0.00390625;0.000118987417081;0.175975;0.00956937799043;0.006475
1.0;0.2;0.0078125;0.000143461731583;0.164875;0.0116618075802;0.004825
1.0;0.2;0.015625;0.000179638029371;0.12115;0.0143884892086;0.004025
1.0;0.2;0.03125;0.000241881840721;0.117525;0.0179372197309;0.003375
1.0;0.2;0.0625;0.000349040139616;0.1235;0.0228571428571;0.00275
1.0;0.2;0.125;0.000502891626854;0.082125;0.0285714285714;0.00245
1.0;0.2;0.25;0.00083857442348;0.059725;0.0350877192982;0.00235
1.0;0.2;0.5;0.00145719489982;0.074;0.04;0.002675
1.0;0.2;1.0;0.00253485424588;0.061475;0.0519480519481;0.00325
1.0;0.4;0.001953125;0.000102074667619;0.179525;0.0102301790281;0.005825
1.0;0.4;0.00390625;0.000109445113276;0.185225;0.00700525394046;0.00855
1.0;0.4;0.0078125;0.000138470592308;0.1715;0.0073126142596;0.007675
1.0;0.4;0.015625;0.000195322037209;0.138025;0.0075329566855;0.0076
1.0;0.4;0.03125;0.00027402891005;0.11725;0.00740740740741;0.008325
1.0;0.4;0.0625;0.000388085766954;0.120725;0.00514800514801;0.0128
1.0;0.4;0.125;0.000561876668071;0.0847;0.00534045393858;0.01505
1.0;0.4;0.25;0.000928505106778;0.064675;0.00615384615385;0.01475
1.0;0.4;0.5;0.00158982511924;0.0725;0.00836820083682;0.01385
1.0;0.4;1.0;0.00271554650373;0.0462;0.012987012987;0.0112
1.0;0.6;0.001953125;9.55474871011e-05;0.2203;0.0113636363636;0.004875
1.0;0.6;0.00390625;9.37492675838e-05;0.200125;0.00539083557951;0.010425
1.0;0.6;0.0078125;0.000126278570527;0.171125;0.00527009222661;0.01015
1.0;0.6;0.015625;0.000188022938799;0.1459;0.004662004662;0.011425
1.0;0.6;0.03125;0.000259352914478;0.10055;0.00443458980044;0.01305
1.0;0.6;0.0625;0.000372856077554;0.102275;0.00431965442765;0.0157
1.0;0.6;0.125;0.000580467276157;0.0873;0.00506970849176;0.015625
1.0;0.6;0.25;0.000959462700888;0.063925;0.00559440559441;0.017725
1.0;0.6;0.5;0.00163265306122;0.059875;0.00750469043152;0.015125
1.0;0.6;1.0;0.0028129395218;0.05175;0.0123076923077;0.013175
1.0;0.8;0.001953125;7.32815477063e-05;0.2338;0.0120481927711;0.004125
1.0;0.8;0.00390625;7.15422725403e-05;0.22255;0.00405268490375;0.0129
1.0;0.8;0.0078125;0.000101502233049;0.179775;0.00382043935053;0.013475
1.0;0.8;0.015625;0.000152543665624;0.144775;0.00379506641366;0.01405
1.0;0.8;0.03125;0.000219719857182;0.108275;0.00378787878788;0.015425
1.0;0.8;0.0625;0.00033291718685;0.1043;0.00385356454721;0.016525
1.0;0.8;0.125;0.000541565123206;0.078425;0.00418848167539;0.01905
1.0;0.8;0.25;0.000882807327301;0.06385;0.004329004329;0.023725
1.0;0.8;0.5;0.0015467904099;0.064775;0.00621118012422;0.017825
1.0;0.8;1.0;0.00272479564033;0.060825;0.0110497237569;0.014625
1.0;1.0;0.001953125;3.38589942186e-05;0.370925;0.0120481927711;0.004625
1.0;1.0;0.00390625;3.78318563146e-05;0.3432;0.003046458492;0.018575
1.0;1.0;0.0078125;4.54736650637e-05;0.3064;0.00291120815138;0.019925
1.0;1.0;0.015625;6.83200109312e-05;0.242925;0.00295857988166;0.020375
1.0;1.0;0.03125;0.000100298387703;0.1676;0.00284697508897;0.022825
1.0;1.0;0.0625;0.000178102319783;0.163;0.00286944045911;0.025675
1.0;1.0;0.125;0.000313455058381;0.115875;0.00325732899023;0.02735
1.0;1.0;0.25;0.000584112149533;0.085075;0.00325732899023;0.031575
1.0;1.0;0.5;0.00118764845606;0.103325;0.00501882057716;0.021575
1.0;1.0;1.0;0.0021978021978;0.06395;0.00867678958785;0.018
