#rnd_rate,wrt_rate,io_size,1_iops,device,cpu,OLS,MARS
0,0,0.001953125,0.000036076,0,0.299575,0.0351710533,0.3236519838
0,0,0.001953125,2.99928766918E-05,1,0.388575,0.1376886971,0.3706231113
0,0,0.00390625,4.35255712731E-05,0,0.319075,0.0350332082,0.2955032135
0,0,0.00390625,3.40052198012E-05,1,0.3758,0.1375523458,0.355471298
0,0,0.0078125,6.42776795758E-05,0,0.2177,0.0347549742,0.2170740816
0,0,0.0078125,0.000041383,1,0.3072,0.1372799245,0.3276137039
0,0,0.015625,0.0001287208,0,0.14155,0.0341885367,0.1312827377
0,0,0.015625,5.76352266505E-05,1,0.2318,0.1367344314,0.2662394866
0,0,0.03125,0.000257119,0,0.098475,0.0330558738,0.0814224517
0,0,0.03125,9.34557603794E-05,1,0.184875,0.1356420039,0.187409573
0,0,0.0625,0.000514271,0,0.0675,0.0307903934,0.0534088587
0,0,0.0625,0.0001593054,1,0.1222,0.1334596661,0.142326056
0,0,0.125,0.0010309278,0,0.05825,0.0262584101,0.0372383334
0,0,0.125,0.0002797203,1,0.0642,0.1290998947,0.1038540455
0,0,0.25,0.0020639835,0,0.0491,0.0171945557,0.0281410644
0,0,0.25,0.0005291005,1,0.056325,0.1203766358,0.0776490199
0,0,0.5,0.004127967,0,0.0237,-0.0009322283,0.0128125315
0,0,0.5,0.0011108026,1,0.07225,0.1028940706,0.06421539
0,0,1,0.0082815735,0,0.01575,-0.0371969397,0.0155656118
0,0,1,0.0020964361,1,0.064575,0.0680062014,0.0594033424
0,0.2,0.001953125,0.0005504335,0,0.0387,0.0415611068,0.0506275829
0,0.2,0.001953125,0.0001065445,1,0.186775,0.1442690267,0.1736902956
0,0.2,0.00390625,0.0095238095,0,0.00505,0.0375265535,0.0065693121
0,0.2,0.00390625,0.0001108371,1,0.168625,0.1441325537,0.1687121512
0,0.2,0.0078125,0.0116618076,0,0.0037,0.0363281369,0.0054117137
0,0.2,0.0078125,0.000135888,1,0.170675,0.1438524514,0.1538498902
0,0.2,0.015625,0.0138408304,0,0.003425,0.0348426756,0.0042708218
0,0.2,0.015625,0.0001780151,1,0.143575,0.1432957127,0.1354691833
0,0.2,0.03125,0.016064257,0,0.0034,0.0327994861,0.0031844248
0,0.2,0.03125,0.0002272211,1,0.110175,0.1421974678,0.1140658892
0,0.2,0.0625,0.0183486239,0,0.0034,0.0296529518,0.0022226231
0,0.2,0.0625,0.0003203075,1,0.103325,0.1400032925,0.1005654423
0,0.2,0.125,0.0196078431,0,0.0035,0.0247982413,0.0021523478
0,0.2,0.125,0.0004843201,1,0.079975,0.135624573,0.0831306767
0,0.2,0.25,0.0209424084,0,0.003775,0.0156033469,0.0026747663
0,0.2,0.25,0.0008041817,1,0.062275,0.1268706819,0.06657075
0,0.2,0.5,0.0203045685,0,0.005125,-0.0013491897,0.0055715066
0,0.2,0.5,0.0014492754,1,0.0726,0.1093605659,0.0626365791
0,0.2,1,0.0195121951,0,0.00835,-0.0354643139,0.0110943357
0,0.2,1,0.0024630542,1,0.0489,0.0744604644,0.0575420842
0,0.4,0.001953125,0.0006928807,0,0.033675,0.0481127974,0.0430165543
0,0.4,0.001953125,0.0001089265,1,0.1726,0.1508815915,0.1727347058
0,0.4,0.00390625,0.0067567568,0,0.0063,0.0453427506,0.0099367337
0,0.4,0.00390625,0.0001113617,1,0.1571,0.1507459257,0.1699192441
0,0.4,0.0078125,0.0074074074,0,0.005525,0.0447907545,0.0096120498
0,0.4,0.0078125,0.0001447126,1,0.159325,0.1504622161,0.1518008564
0,0.4,0.015625,0.0074211503,0,0.006475,0.044246352,0.0096837147
0,0.4,0.015625,0.0001956947,1,0.141475,0.1499016289,0.1295398732
0,0.4,0.03125,0.0074766355,0,0.007525,0.043145378,0.0098113649
0,0.4,0.03125,0.0002520955,1,0.1172,0.148800257,0.1095809395
0,0.4,0.0625,0.0063897764,0,0.010675,0.0414640224,0.0107374497
0,0.4,0.0625,0.000360848,1,0.10045,0.1465992731,0.0979168737
0,0.4,0.125,0.0039564787,0,0.019675,0.0382141277,0.0127349839
0,0.4,0.125,0.0005447365,1,0.077925,0.1422119152,0.0782923395
0,0.4,0.25,0.0044296788,0,0.02265,0.0293935938,0.0137397668
0,0.4,0.25,0.0009101251,1,0.059175,0.1334382376,0.0673254461
0,0.4,0.5,0.0059347181,0,0.020775,0.0115097341,0.0154364949
0,0.4,0.5,0.0015860428,1,0.0696,0.115914725,0.0630819459
0,0.4,1,0.0097087379,0,0.0176,-0.0245900039,0.0184021438
0,0.4,1,0.0027322404,1,0.053275,0.0809570726,0.056658586
0,0.6,0.001953125,0.0007886435,0,0.031325,0.0546847776,0.0438734151
0,0.6,0.001953125,9.72478848585E-05,1,0.198525,0.1575002672,0.188150319
0,0.6,0.00390625,0.0048019208,0,0.00855,0.0528059477,0.0128493138
0,0.6,0.00390625,0.0001047779,1,0.201225,0.1573623871,0.1794028058
0,0.6,0.0078125,0.0047505938,0,0.0086,0.0525590403,0.0129177374
0,0.6,0.0078125,0.0001343544,1,0.1667,0.1570803179,0.1581576573
0,0.6,0.015625,0.0038797284,0,0.0122,0.0523991,0.013484783
0,0.6,0.015625,0.0001834694,1,0.14485,0.1565205422,0.1367148676
0,0.6,0.03125,0.0032154341,0,0.01765,0.0516109516,0.0198173989
0,0.6,0.03125,0.0002380811,1,0.120725,0.1554199479,0.112942819
0,0.6,0.0625,0.0029455081,0,0.022875,0.0495745462,0.0228436363
0,0.6,0.0625,0.0003636364,1,0.0921,0.1532116612,0.0994275444
0,0.6,0.125,0.0037878788,0,0.02165,0.0449010034,0.0150250644
0,0.6,0.125,0.0005547081,1,0.066575,0.1488211814,0.0790116171
0,0.6,0.25,0.0042964554,0,0.0257,0.0360650944,0.015632244
0,0.6,0.25,0.000952381,1,0.0618,0.1400334726,0.0687192675
0,0.6,0.5,0.0061068702,0,0.02225,0.0180485146,0.0171579617
0,0.6,0.5,0.001607717,1,0.074875,0.1225189051,0.0646823101
0,0.6,1,0.0101522843,0,0.014925,-0.0181691749,0.0199716298
0,0.6,1,0.0028248588,1,0.0515,0.0875304194,0.0575470035
0,0.8,0.001953125,0.0009496676,0,0.02635,0.0612283945,0.0440753589
0,0.8,0.001953125,7.00255593292E-05,1,0.207725,0.1641256983,0.2265212055
0,0.8,0.00390625,0.0030349014,0,0.01245,0.0601875174,0.0231692112
0,0.8,0.00390625,8.24453284416E-05,1,0.222775,0.1639856931,0.2072230224
0,0.8,0.0078125,0.0026455026,0,0.014525,0.0600875403,0.0271166325
0,0.8,0.0078125,0.000104455,1,0.187725,0.1637069126,0.181636278
0,0.8,0.015625,0.0017628911,0,0.0234,0.059932705,0.0360532823
0,0.8,0.015625,0.000143287,1,0.171825,0.163151606,0.1561406411
0,0.8,0.03125,0.0018930431,0,0.027325,0.0587992799,0.0349058879
0,0.8,0.03125,0.0002030869,1,0.1277,0.1620487568,0.1300950799
0,0.8,0.0625,0.0021470746,0,0.0283,0.0565351557,0.0326740438
0,0.8,0.0625,0.0003216986,1,0.09995,0.1598434879,0.1058658006
0,0.8,0.125,0.00249066,0,0.029425,0.0520783916,0.0298609418
0,0.8,0.125,0.0005171968,1,0.06755,0.1554510843,0.0849621951
0,0.8,0.25,0.0035460993,0,0.024775,0.0430048089,0.020539046
0,0.8,0.25,0.0008770007,1,0.054025,0.1466798339,0.0712936049
0,0.8,0.5,0.0055865922,0,0.021975,0.0248882342,0.0192671894
0,0.8,0.5,0.0015491867,1,0.07595,0.1291579431,0.0670875531
0,0.8,1,0.0103092784,0,0.016675,-0.0116238066,0.0217015851
0,0.8,1,0.0028268551,1,0.056875,0.0941431518,0.0593448414
0,1,0.001953125,4.17667327973E-05,0,0.307375,0.06823658,0.3112233331
0,1,0.001953125,3.53513035793E-05,1,0.36745,0.1707543682,0.3594509448
0,1,0.00390625,4.54674623473E-05,0,0.3138,0.0681003642,0.297249807
0,1,0.00390625,3.92222233117E-05,1,0.35725,0.1706180785,0.3448338879
0,1,0.0078125,6.3224113677E-05,0,0.2387,0.0678234321,0.2301472327
0,1,0.0078125,4.77737435505E-05,1,0.292725,0.170345147,0.3125381725
0,1,0.015625,0.0001253722,0,0.162875,0.067257992,0.1418394685
0,1,0.015625,6.35172687574E-05,1,0.215925,0.169799875,0.2530874024
0,1,0.03125,0.0002522068,0,0.1159,0.0661260087,0.0910529971
0,1,0.03125,0.0001053214,1,0.207225,0.168704847,0.1826835128
0,1,0.0625,0.0005018821,0,0.0692,0.0638637778,0.0638631395
0,1,0.0625,0.0001754078,1,0.142,0.1665206678,0.1443593575
0,1,0.125,0.0010040161,0,0.062325,0.0593381064,0.0465977616
0,1,0.125,0.0003064664,1,0.101125,0.1621562705,0.1099967188
0,1,0.25,0.002020202,0,0.055175,0.0502815837,0.0376697854
0,1,0.25,0.0005864243,1,0.08745,0.1534197222,0.0804228895
0,1,0.5,0.0039880359,0,0.028875,0.0321965875,0.0219802529
0,1,0.5,0.0011844833,1,0.099375,0.135930048,0.0725653405
0,1,1,0.0080321285,0,0.020675,-0.0040205277,0.024794661
0,1,1,0.0021917808,1,0.0641,0.1010327633,0.0675358872
0.2,0,0.001953125,0.00110957,0,0.03255,0.0300730988,0.0351991989
0.2,0,0.001953125,9.98477322084E-05,1,0.1267,0.1330269372,0.1796696349
0.2,0,0.00390625,0.0011092623,0,0.03285,0.0299386251,0.035222127
0.2,0,0.00390625,0.0001081812,1,0.14005,0.132888708,0.1699866034
0.2,0,0.0078125,0.0011223345,0,0.027325,0.029663729,0.0351306247
0.2,0,0.0078125,0.0001237968,1,0.1557,0.1326127064,0.1573303646
0.2,0,0.015625,0.0011366866,0,0.0277,0.0291190617,0.0350659576
0.2,0,0.015625,0.000144087,1,0.1526,0.1320654583,0.1485185828
0.2,0,0.03125,0.0012742912,0,0.030575,0.0279823975,0.0338437732
0.2,0,0.03125,0.0001819505,1,0.14675,0.130972143,0.1320855531
0.2,0,0.0625,0.0015576324,0,0.0329,0.025705535,0.0313177971
0.2,0,0.0625,0.0002437984,1,0.09825,0.1287915443,0.1071767572
0.2,0,0.125,0.0020429009,0,0.033675,0.0211871935,0.0270828597
0.2,0,0.125,0.0003763643,1,0.0844,0.124426492,0.0932065473
0.2,0,0.25,0.0031771247,0,0.031525,0.0120793701,0.0169703361
0.2,0,0.25,0.0006372471,1,0.072675,0.1156982339,0.0664281206
0.2,0,0.5,0.0051085568,0,0.01835,-0.0059898054,0.0122634012
0.2,0,0.5,0.0012300123,1,0.0958,0.0982108604,0.0630190821
0.2,0,1,0.0095465394,0,0.0138,-0.0423781103,0.0148572309
0.2,0,1,0.0022075055,1,0.065875,0.0633265292,0.0582887248
0.2,0.2,0.001953125,0.0071301248,0,0.00875,0.0340700874,0.0078899354
0.2,0.2,0.001953125,0.0001108678,1,0.16695,0.1396357478,0.1686565421
0.2,0.2,0.00390625,0.0062893082,0,0.009575,0.0343009098,0.0083806329
0.2,0.2,0.00390625,0.0001134333,1,0.159425,0.1395000253,0.1656892756
0.2,0.2,0.0078125,0.0029282577,0,0.015125,0.0354924512,0.0188254791
0.2,0.2,0.0078125,0.0001418339,1,0.153525,0.1392184672,0.1512444078
0.2,0.2,0.015625,0.0029368576,0,0.0163,0.0349502839,0.0188185376
0.2,0.2,0.015625,0.0001864715,1,0.1334,0.1386606375,0.1317636113
0.2,0.2,0.03125,0.0032733224,0,0.01575,0.0337271926,0.0156007269
0.2,0.2,0.03125,0.0002474329,1,0.097725,0.1375572835,0.1082767636
0.2,0.2,0.0625,0.0034453058,0,0.0175,0.0314987276,0.0141922627
0.2,0.2,0.0625,0.0003784295,1,0.097675,0.1353466319,0.0941620043
0.2,0.2,0.125,0.0029739777,0,0.02295,0.0273961354,0.0195570783
0.2,0.2,0.125,0.0005326941,1,0.064325,0.130972149,0.0778012048
0.2,0.2,0.25,0.0039800995,0,0.0194,0.0183439868,0.0121736593
0.2,0.2,0.25,0.0008012821,1,0.06095,0.1222405422,0.0665998493
0.2,0.2,0.5,0.0062111801,0,0.0199,0.0001445802,0.0134638041
0.2,0.2,0.5,0.001459854,1,0.072125,0.1047245683,0.0625304189
0.2,0.2,1,0.00968523,0,0.014975,-0.0358247871,0.0165974362
0.2,0.2,1,0.0025380711,1,0.059225,0.0697964611,0.0567892658
0.2,0.4,0.001953125,0.0093457944,0,0.006375,0.0397207286,0.0084670324
0.2,0.4,0.001953125,0.0001044714,1,0.184775,0.1462521277,0.1779219547
0.2,0.4,0.00390625,0.0093023256,0,0.00645,0.0396050133,0.0085112151
0.2,0.4,0.00390625,0.0001112038,1,0.18325,0.1461145943,0.170103084
0.2,0.4,0.0078125,0.008492569,0,0.0064,0.0396877292,0.0090043593
0.2,0.4,0.0078125,0.0001432049,1,0.1523,0.1458314714,0.1524615025
0.2,0.4,0.015625,0.0087527352,0,0.006475,0.0390362279,0.0089380271
0.2,0.4,0.015625,0.0001988269,1,0.111425,0.1452688676,0.1281673431
0.2,0.4,0.03125,0.0099750623,0,0.005825,0.0374281293,0.0084122458
0.2,0.4,0.03125,0.0002912056,1,0.102025,0.1441518593,0.1052720949
0.2,0.4,0.0625,0.0103092784,0,0.006225,0.0351291559,0.0085425286
0.2,0.4,0.0625,0.0004247186,1,0.0918,0.141940114,0.0908800981
0.2,0.4,0.125,0.0103092784,0,0.006925,0.0308217184,0.0091774161
0.2,0.4,0.125,0.0006495615,1,0.077,0.1375349569,0.0686705102
0.2,0.4,0.25,0.0071556351,0,0.0124,0.0235774578,0.0122132314
0.2,0.4,0.25,0.000976801,1,0.055125,0.1287778594,0.0666563328
0.2,0.4,0.5,0.0066777963,0,0.0204,0.0065553827,0.0150203711
0.2,0.4,0.5,0.0015810277,1,0.07305,0.1112855046,0.0631322746
0.2,0.4,1,0.0101010101,0,0.013175,-0.0293918905,0.0181824713
0.2,0.4,1,0.0027548209,1,0.0565,0.0763158588,0.0564319835
0.2,0.6,0.001953125,0.0059790732,0,0.009525,0.0477975494,0.0121702682
0.2,0.6,0.001953125,8.94914647515E-05,1,0.202075,0.1528722382,0.1971813153
0.2,0.6,0.00390625,0.0059701493,0,0.009925,0.0476668205,0.0121951059
0.2,0.6,0.00390625,9.7761266986E-05,1,0.20035,0.1527340366,0.1875724154
0.2,0.6,0.0078125,0.0026863667,0,0.01875,0.0488247802,0.0248886767
0.2,0.6,0.0078125,0.0001341742,1,0.17475,0.1524489963,0.158236651
0.2,0.6,0.015625,0.002994012,0,0.0174,0.0481526439,0.0218807187
0.2,0.6,0.015625,0.0001897263,1,0.128575,0.1518864229,0.1339730924
0.2,0.6,0.03125,0.0032232071,0,0.017525,0.0469761733,0.0197393943
0.2,0.6,0.03125,0.0002911632,1,0.1053,0.1507654777,0.1070946375
0.2,0.6,0.0625,0.0034812881,0,0.019625,0.0447102892,0.0174669128
0.2,0.6,0.0625,0.0004165799,1,0.0936,0.1485572513,0.0935946344
0.2,0.6,0.125,0.0038350911,0,0.0216,0.0402490843,0.014620833
0.2,0.6,0.125,0.0005853944,1,0.08,0.1441764448,0.0756308335
0.2,0.6,0.25,0.0030280091,0,0.021025,0.0319849777,0.023920375
0.2,0.6,0.25,0.0009576251,1,0.063975,0.1353997935,0.0686666409
0.2,0.6,0.5,0.0051880674,0,0.0205,0.0138164382,0.0176724912
0.2,0.6,0.5,0.0016187778,1,0.074325,0.1178826979,0.0645713117
0.2,0.6,1,0.010989011,0,0.01475,-0.0231642272,0.0195030628
0.2,0.6,1,0.0028571429,1,0.050925,0.0828849884,0.0572230223
0.2,0.8,0.001953125,0.0036429872,0,0.011925,0.0554264427,0.0170470346
0.2,0.8,0.001953125,6.77541202974E-05,1,0.23685,0.1594952855,0.2351100737
0.2,0.8,0.00390625,0.0039486673,0,0.012725,0.0551589828,0.0151450078
0.2,0.8,0.00390625,7.37395151627E-05,1,0.217825,0.1593580768,0.2173594213
0.2,0.8,0.0078125,0.0020682523,0,0.02135,0.0557070207,0.0329095241
0.2,0.8,0.0078125,0.0001043052,1,0.180325,0.1590755777,0.1818107044
0.2,0.8,0.015625,0.0020725389,0,0.022825,0.0551667281,0.0329458683
0.2,0.8,0.015625,0.0001565496,1,0.133325,0.1585144419,0.1503289604
0.2,0.8,0.03125,0.0022111664,0,0.022475,0.0540296194,0.0317134186
0.2,0.8,0.03125,0.0002395783,1,0.117425,0.1574014972,0.1145957327
0.2,0.8,0.0625,0.0024875622,0,0.02445,0.0517557754,0.029257142
0.2,0.8,0.0625,0.0003451251,1,0.1074,0.1552019064,0.1032848444
0.2,0.8,0.125,0.0027835769,0,0.026875,0.0473196861,0.0269214272
0.2,0.8,0.125,0.000556483,1,0.0714,0.15080261,0.0806339395
0.2,0.8,0.25,0.0035335689,0,0.025025,0.0383788548,0.0206647924
0.2,0.8,0.25,0.0009180629,1,0.0707,0.1420305877,0.0708815323
0.2,0.8,0.5,0.0054794521,0,0.021075,0.0203033987,0.0193271878
0.2,0.8,0.5,0.0015766654,1,0.07485,0.1245146005,0.0668117958
0.2,0.8,1,0.0103092784,0,0.015125,-0.0162552066,0.0217015851
0.2,0.8,1,0.0027700831,1,0.05265,0.0895364257,0.0599145668
0.2,1,0.001953125,0.0003171583,0,0.079375,0.0634854913,0.0835995414
0.2,1,0.001953125,3.3732501265E-05,1,0.3507,0.1661236718,0.3655720334
0.2,1,0.00390625,0.0006170935,0,0.0542,0.0632205281,0.0505748218
0.2,1,0.00390625,3.77611418969E-05,1,0.3451,0.1659873135,0.3503585951
0.2,1,0.0078125,0.0007031113,0,0.04725,0.0629139288,0.0484270235
0.2,1,0.0078125,4.72238291442E-05,1,0.307975,0.165713986,0.3146175337
0.2,1,0.015625,0.0005825808,0,0.069275,0.0624278832,0.0544962026
0.2,1,0.015625,6.09273137147E-05,1,0.2089,0.1651696006,0.2628806578
0.2,1,0.03125,0.0009626955,0,0.03745,0.061185821,0.046060095
0.2,1,0.03125,0.0001019654,1,0.19675,0.1640749056,0.1865909642
0.2,1,0.0625,0.0008080808,0,0.05495,0.0590992999,0.0479291471
0.2,1,0.0625,0.0001769912,1,0.142975,0.1618885796,0.1436655446
0.2,1,0.125,0.0012775471,0,0.030975,0.0545878262,0.0438527901
0.2,1,0.125,0.0003216468,1,0.1088,0.1575182729,0.10832426
0.2,1,0.25,0.0012476606,0,0.0354,0.0459859403,0.0454224854
0.2,1,0.25,0.0005951495,1,0.092225,0.1487845301,0.0794616081
0.2,1,0.5,0.0030840401,0,0.0326,0.0279580759,0.0295333799
0.2,1,0.5,0.0011813349,1,0.093275,0.1313000163,0.0725969353
0.2,1,1,0.0076045627,0,0.01955,-0.008466102,0.0250340979
0.2,1,1,0.0022484542,1,0.060325,0.0963767324,0.0669671519
0.4,0,0.001953125,0.0021586616,0,0.02915,0.02498575,0.0246712291
0.4,0,0.001953125,0.0001103509,1,0.1254,0.1283909724,0.1674405121
0.4,0,0.00390625,0.0021516945,0,0.028075,0.0248541706,0.0247609872
0.4,0,0.00390625,0.0001162419,1,0.134625,0.1282538047,0.1606013311
0.4,0,0.0078125,0.0021680217,0,0.0226,0.0245778597,0.0246368187
0.4,0,0.0078125,0.0001256518,1,0.12265,0.1279805002,0.1565175183
0.4,0,0.015625,0.0021715527,0,0.02265,0.0240378954,0.0246807452
0.4,0,0.015625,0.0001429899,1,0.114625,0.1274345351,0.1489993354
0.4,0,0.03125,0.0023337223,0,0.024225,0.022890555,0.0232120429
0.4,0,0.03125,0.0001879611,1,0.125825,0.1263381307,0.1294517199
0.4,0,0.0625,0.0025188917,0,0.026125,0.0206563592,0.0216712525
0.4,0,0.0625,0.0002599259,1,0.111725,0.1241531351,0.1053999484
0.4,0,0.125,0.003021148,0,0.024625,0.0161306346,0.0172658368
0.4,0,0.125,0.0003721623,1,0.06795,0.1197969182,0.0936694978
0.4,0,0.25,0.0041710115,0,0.02405,0.007016014,0.0102488766
0.4,0,0.25,0.0006363347,1,0.062925,0.1110672304,0.0664372767
0.4,0,0.5,0.005952381,0,0.0173,-0.0109879424,0.0117908597
0.4,0,0.5,0.0012353305,1,0.08515,0.0935771491,0.0629657127
0.4,0,1,0.0097323601,0,0.01395,-0.0470902704,0.0147531713
0.4,0,1,0.0022038567,1,0.059175,0.058696715,0.0583253414
0.4,0.2,0.001953125,0.0090909091,0,0.006775,0.0285865051,0.0067918961
0.4,0.2,0.001953125,0.000109553,1,0.1531,0.1350049192,0.1701873903
0.4,0.2,0.00390625,0.0099009901,0,0.0063,0.0280998259,0.006358091
0.4,0.2,0.00390625,0.0001202935,1,0.171825,0.1348656438,0.1606437144
0.4,0.2,0.0078125,0.010230179,0,0.005325,0.0276875413,0.0062134257
0.4,0.2,0.0078125,0.0001438073,1,0.158725,0.1345862096,0.1503796715
0.4,0.2,0.015625,0.0117302053,0,0.004725,0.0264971807,0.0054527719
0.4,0.2,0.015625,0.0001901683,1,0.1389,0.1340276308,0.1301436735
0.4,0.2,0.03125,0.014084507,0,0.004175,0.0243971112,0.0042930848
0.4,0.2,0.03125,0.0002613354,1,0.105525,0.1329198413,0.1067450885
0.4,0.2,0.0625,0.0162601626,0,0.003775,0.0212978242,0.0033921614
0.4,0.2,0.0625,0.0003673095,1,0.1056,0.1307200648,0.095387127
0.4,0.2,0.125,0.0176211454,0,0.003925,0.0163988859,0.0032648986
0.4,0.2,0.125,0.0005011275,1,0.078675,0.1263544682,0.0812789663
0.4,0.2,0.25,0.018018018,0,0.004975,0.0076115249,0.0043124249
0.4,0.2,0.25,0.0008453085,1,0.06075,0.1175900077,0.0661580295
0.4,0.2,0.5,0.0181818182,0,0.0039,-0.0096894148,0.0067602468
0.4,0.2,0.5,0.0014577259,1,0.0756,0.1000940931,0.0625517748
0.4,0.2,1,0.0099255583,0,0.01435,-0.0405606369,0.0164628523
0.4,0.2,1,0.0025094103,1,0.060025,0.0651775175,0.0570768859
0.4,0.4,0.001953125,0.0068376068,0,0.0099,0.0361794195,0.0098716174
0.4,0.4,0.001953125,0.000105031,1,0.181725,0.1416204845,0.1772703874
0.4,0.4,0.00390625,0.006504065,0,0.009525,0.0361897737,0.010078241
0.4,0.4,0.00390625,0.0001083101,1,0.1742,0.141484452,0.1734722796
0.4,0.4,0.0078125,0.0039408867,0,0.01465,0.0370345495,0.0115533014
0.4,0.4,0.0078125,0.0001388648,1,0.151775,0.1412019577,0.1543633515
0.4,0.4,0.015625,0.0040650407,0,0.0146,0.0364421609,0.0115631361
0.4,0.4,0.015625,0.0002023677,1,0.117675,0.1406359288,0.1266157753
0.4,0.4,0.03125,0.0042060988,0,0.01445,0.0353039958,0.0116428654
0.4,0.4,0.03125,0.0002964061,1,0.11635,0.1395181991,0.1046991454
0.4,0.4,0.0625,0.0042194093,0,0.01695,0.0331444922,0.0119528553
0.4,0.4,0.0625,0.0004235045,1,0.084875,0.1373092417,0.0910138609
0.4,0.4,0.125,0.0045248869,0,0.017775,0.0287042901,0.0124166753
0.4,0.4,0.125,0.0006197707,1,0.07265,0.1329165044,0.0700256475
0.4,0.4,0.25,0.0050890585,0,0.01875,0.0198442188,0.0133705142
0.4,0.4,0.25,0.0009130336,1,0.060425,0.1241741735,0.0672962592
0.4,0.4,0.5,0.0057471264,0,0.007525,0.0023284639,0.0155415462
0.4,0.4,0.5,0.0015879317,1,0.06945,0.106651104,0.0630629902
0.4,0.4,1,0.0082644628,0,0.012225,-0.0332251032,0.0192109378
0.4,0.4,1,0.00276434,1,0.05455,0.0716803217,0.0563364565
0.4,0.6,0.001953125,0.0086956522,0,0.00625,0.0419854889,0.010648984
0.4,0.6,0.001953125,9.2368086826E-05,1,0.208475,0.148239588,0.1938319914
0.4,0.6,0.00390625,0.0064935065,0,0.008425,0.0428079626,0.0119020258
0.4,0.6,0.00390625,9.83888820563E-05,1,0.20735,0.1481023639,0.1868416673
0.4,0.6,0.0078125,0.0055020633,0,0.00935,0.0429696419,0.0124969145
0.4,0.6,0.0078125,0.0001285141,1,0.1547,0.1478200562,0.1607169038
0.4,0.6,0.015625,0.0056818182,0,0.0101,0.0423530884,0.0124756127
0.4,0.6,0.015625,0.000198334,1,0.1216,0.1472512819,0.1302012153
0.4,0.6,0.03125,0.0056737589,0,0.01055,0.0412797317,0.0126388478
0.4,0.6,0.03125,0.0003023889,1,0.091425,0.1461291989,0.1058578789
0.4,0.6,0.0625,0.0052356021,0,0.012475,0.0393164416,0.0132016593
0.4,0.6,0.0625,0.0003905869,1,0.074675,0.1439371482,0.096458346
0.4,0.6,0.125,0.0043620502,0,0.019425,0.0353886611,0.0143257359
0.4,0.6,0.125,0.0005903188,1,0.0784,0.1395429046,0.075088305
0.4,0.6,0.25,0.0045300113,0,0.02245,0.026700788,0.0155014527
0.4,0.6,0.25,0.0009229349,1,0.062275,0.1307834703,0.0690147677
0.4,0.6,0.5,0.00625,0,0.018975,0.0087235085,0.017077809
0.4,0.6,0.5,0.0016427105,1,0.0656,0.1132408965,0.0643311399
0.4,0.6,1,0.0103626943,0,0.015625,-0.0275234219,0.0198538002
0.4,0.6,1,0.0028129395,1,0.05005,0.0782727997,0.0576666169
0.4,0.8,0.001953125,0.0066666667,0,0.0066,0.0494809124,0.0136030879
0.4,0.8,0.001953125,7.1734724987E-05,1,0.2432,0.1548621555,0.2200584308
0.4,0.8,0.00390625,0.0039408867,0,0.0116,0.0505309643,0.0151493649
0.4,0.8,0.00390625,7.54973387188E-05,1,0.2379,0.1547259128,0.2153127428
0.4,0.8,0.0078125,0.0033085194,0,0.01355,0.0505365845,0.0204630468
0.4,0.8,0.0078125,0.0001033966,1,0.1818,0.1544445726,0.182868633
0.4,0.8,0.015625,0.0032102729,0,0.014475,0.0500408541,0.0215283434
0.4,0.8,0.015625,0.0001627604,1,0.144925,0.1538803426,0.1476074049
0.4,0.8,0.03125,0.0028735632,0,0.018225,0.0491103331,0.0250660544
0.4,0.8,0.03125,0.0002461993,1,0.113025,0.1527672196,0.1138662866
0.4,0.8,0.0625,0.0029717682,0,0.0214,0.0469139332,0.0243979798
0.4,0.8,0.0625,0.0003432887,1,0.119725,0.1505713045,0.103487165
0.4,0.8,0.125,0.0034542314,0,0.022025,0.0423968109,0.0201911943
0.4,0.8,0.125,0.0005387931,1,0.0692,0.1461788983,0.0825828795
0.4,0.8,0.25,0.0022701476,0,0.023075,0.0342965541,0.0333436299
0.4,0.8,0.25,0.0008970621,1,0.0641,0.1374083149,0.0710922817
0.4,0.8,0.5,0.0032921811,0,0.0208,0.0166226151,0.0256267466
0.4,0.8,0.5,0.0015829046,1,0.06635,0.1198804889,0.0667491826
0.4,0.8,1,0.0079207921,0,0.013775,-0.0198485394,0.0230391374
0.4,0.8,1,0.0027586207,1,0.045425,0.0849100074,0.0600295958
0.4,1,0.001953125,0.0035304501,0,0.011125,0.0574575528,0.0199942525
0.4,1,0.001953125,0.00003586,1,0.364025,0.1614913472,0.3575275642
0.4,1,0.00390625,0.001344086,0,0.02985,0.0582731677,0.0419549563
0.4,1,0.00390625,3.9022486708E-05,1,0.35305,0.1613553653,0.345589141
0.4,1,0.0078125,0.001356392,0,0.031125,0.0579986045,0.0418711423
0.4,1,0.0078125,4.87662147664E-05,1,0.31495,0.1610819157,0.3087853953
0.4,1,0.015625,0.0014450867,0,0.030125,0.0574216269,0.0410604235
0.4,1,0.015625,6.62635633231E-05,1,0.246325,0.1605358814,0.2427029889
0.4,1,0.03125,0.001221374,0,0.049575,0.056441996,0.0434641735
0.4,1,0.03125,0.0001054936,1,0.201675,0.1594419722,0.1824829971
0.4,1,0.0625,0.0014652015,0,0.0436,0.0541823067,0.0413347311
0.4,1,0.0625,0.000193977,1,0.188775,0.1572497974,0.1362223509
0.4,1,0.125,0.0017398869,0,0.037975,0.0497554873,0.0392130623
0.4,1,0.125,0.0003159308,1,0.108925,0.1528893571,0.1089540073
0.4,1,0.25,0.0022766079,0,0.03845,0.0409073464,0.0350966708
0.4,1,0.25,0.0006084576,1,0.07575,0.1441473462,0.0779954317
0.4,1,0.5,0.0019743337,0,0.0353,0.0238089687,0.040669639
0.4,1,0.5,0.0012395414,1,0.105125,0.126643319,0.0720128148
0.4,1,1,0.007079646,0,0.01495,-0.0128693664,0.0253280512
0.4,1,1,0.0022560632,1,0.055725,0.0917420254,0.0668907933
0.6,0,0.001953125,0.0031372549,0,0.022875,0.0199290406,0.0148507325
0.6,0,0.001953125,0.000109493,1,0.112625,0.1237599453,0.1684393504
0.6,0,0.00390625,0.0031080031,0,0.02425,0.0198071464,0.0151641238
0.6,0,0.00390625,0.0001207766,1,0.139975,0.1236204339,0.1586141582
0.6,0,0.0078125,0.0031201248,0,0.01965,0.0195326633,0.0150821592
0.6,0,0.0078125,0.0001302804,1,0.136875,0.1233470885,0.1544892646
0.6,0,0.015625,0.0031104199,0,0.017225,0.0189984515,0.0152589119
0.6,0,0.015625,0.0001514176,1,0.132925,0.1227994723,0.1453063105
0.6,0,0.03125,0.0032546786,0,0.018975,0.0178588954,0.0139699516
0.6,0,0.03125,0.000191525,1,0.135975,0.1217051818,0.12789001
0.6,0,0.0625,0.0034782609,0,0.019225,0.0156080049,0.0120436758
0.6,0,0.0625,0.0002426448,1,0.06415,0.1195292457,0.1073038465
0.6,0,0.125,0.0039721946,0,0.01925,0.0110858974,0.009090439
0.6,0,0.125,0.00038786,1,0.08875,0.1151586958,0.0919400436
0.6,0,0.25,0.0050697085,0,0.020025,0.0019940286,0.0097456062
0.6,0,0.25,0.000635829,1,0.058725,0.1064360503,0.066442352
0.6,0,0.5,0.0067911715,0,0.016225,-0.0159838916,0.011321137
0.6,0,0.5,0.0012410797,1,0.08675,0.0889432504,0.0629080168
0.6,0,1,0.0111111111,0,0.013075,-0.0523208935,0.0139810708
0.6,0,1,0.0022087245,1,0.06125,0.0540631994,0.0582764924
0.6,0.2,0.001953125,0.0088105727,0,0.006925,0.0240769429,0.0069488845
0.6,0.2,0.001953125,0.0001157106,1,0.176875,0.130370843,0.1630179592
0.6,0.2,0.00390625,0.0087719298,0,0.007,0.0239591302,0.0069903648
0.6,0.2,0.00390625,0.0001178134,1,0.16375,0.1302353217,0.1617305068
0.6,0.2,0.0078125,0.0094117647,0,0.005875,0.0234118348,0.0066717377
0.6,0.2,0.0078125,0.0001448121,1,0.1686,0.1299543729,0.1499393653
0.6,0.2,0.015625,0.0107816712,0,0.005275,0.022278026,0.005983951
0.6,0.2,0.015625,0.0001889288,1,0.130975,0.1293967695,0.1306868325
0.6,0.2,0.03125,0.0121580547,0,0.004775,0.0206029724,0.0053718981
0.6,0.2,0.03125,0.0002523819,1,0.1099,0.1282923326,0.1077315241
0.6,0.2,0.0625,0.0150943396,0,0.004175,0.0171731061,0.0040450223
0.6,0.2,0.0625,0.0003557137,1,0.086775,0.1260937045,0.0966646641
0.6,0.2,0.125,0.0162601626,0,0.0043,0.0123589867,0.0040270489
0.6,0.2,0.125,0.0005247278,1,0.0715,0.1217128113,0.0786788709
0.6,0.2,0.25,0.0165975104,0,0.00525,0.003597496,0.0051079092
0.6,0.2,0.25,0.0008762322,1,0.05415,0.1129451679,0.0658477006
0.6,0.2,0.5,0.0075901328,0,0.0156,-0.0097175306,0.0126915906
0.6,0.2,0.5,0.0014657384,1,0.0719,0.0954592108,0.0624713676
0.6,0.2,1,0.0107816712,0,0.014975,-0.0455641147,0.0159834292
0.6,0.2,1,0.0025526484,1,0.059075,0.0605273256,0.0566429779
0.6,0.4,0.001953125,0.0066225166,0,0.01045,0.0316415006,0.009992068
0.6,0.4,0.001953125,0.0001064991,1,0.18875,0.1369884465,0.1755610135
0.6,0.4,0.00390625,0.0051480051,0,0.01465,0.032147735,0.0108376346
0.6,0.4,0.00390625,0.0001129114,1,0.1916,0.1368510522,0.1681148355
0.6,0.4,0.0078125,0.0043620502,0,0.01285,0.0322201064,0.0113174498
0.6,0.4,0.0078125,0.0001413577,1,0.156675,0.1365694742,0.1532709378
0.6,0.4,0.015625,0.0043383948,0,0.01415,0.0316919576,0.0114100578
0.6,0.4,0.015625,0.0002031798,1,0.1353,0.1360041758,0.1262599306
0.6,0.4,0.03125,0.0045402951,0,0.0141,0.0305273498,0.0114557155
0.6,0.4,0.03125,0.0002939231,1,0.104125,0.1348878782,0.1049726963
0.6,0.4,0.0625,0.0045714286,0,0.01535,0.0283601,0.0117557245
0.6,0.4,0.0625,0.0004071247,1,0.0988,0.1326849606,0.0928184635
0.6,0.4,0.125,0.0047114252,0,0.0171,0.0239918181,0.0123122139
0.6,0.4,0.125,0.000554785,1,0.066075,0.128313348,0.0771852689
0.6,0.4,0.25,0.0052700922,0,0.01905,0.0151341392,0.0132691354
0.6,0.4,0.25,0.000922722,1,0.0553,0.1195385628,0.0671990323
0.6,0.4,0.5,0.0070175439,0,0.0187,-0.002855076,0.0148301124
0.6,0.4,0.5,0.0015735641,1,0.073275,0.1020259484,0.0632071736
0.6,0.4,1,0.0112359551,0,0.01525,-0.0391479524,0.0175469022
0.6,0.4,1,0.0027681661,1,0.0526,0.0670472588,0.0562980606
0.6,0.6,0.001953125,0.0095238095,0,0.005725,0.0369941609,0.0101852159
0.6,0.6,0.001953125,9.1407678245E-05,1,0.195125,0.1436086054,0.1949502194
0.6,0.6,0.00390625,0.0061349693,0,0.009,0.0383323875,0.0121028066
0.6,0.6,0.00390625,9.53357008366E-05,1,0.19445,0.1434722908,0.1903965635
0.6,0.6,0.0078125,0.0056179775,0,0.009275,0.038287864,0.0124320025
0.6,0.6,0.0078125,0.0001281723,1,0.147325,0.1431888048,0.1608666771
0.6,0.6,0.015625,0.0052840159,0,0.010125,0.0378945784,0.012698382
0.6,0.6,0.015625,0.0001915709,1,0.1089,0.1426228212,0.1331648069
0.6,0.6,0.03125,0.004842615,0,0.011875,0.0370095576,0.0131042883
0.6,0.6,0.03125,0.0002900022,1,0.10885,0.1415031823,0.10722255
0.6,0.6,0.0625,0.0041797283,0,0.0162,0.035143938,0.0137929486
0.6,0.6,0.0625,0.0004303852,1,0.0857,0.1392884513,0.0920736708
0.6,0.6,0.125,0.0042872454,0,0.02015,0.0307897722,0.0143676266
0.6,0.6,0.125,0.0006576784,1,0.07495,0.1348822292,0.070406927
0.6,0.6,0.25,0.0048780488,0,0.0202,0.0219181264,0.0153065517
0.6,0.6,0.25,0.0009530617,1,0.0604,0.1261389768,0.0687124359
0.6,0.6,0.5,0.006514658,0,0.017975,0.0039770847,0.0169296005
0.6,0.6,0.5,0.0016406891,1,0.067275,0.108610375,0.0643514251
0.6,0.6,1,0.0108108108,0,0.01445,-0.0323495791,0.0196028549
0.6,0.6,1,0.0028129395,1,0.05175,0.0736413997,0.0576666169
0.6,0.8,0.001953125,0.0082644628,0,0.0055,0.0441550894,0.0127083221
0.6,0.8,0.001953125,6.84439273125E-05,1,0.209025,0.1502321857,0.2325017441
0.6,0.8,0.00390625,0.003992016,0,0.01205,0.0458773429,0.0151207325
0.6,0.8,0.00390625,7.18790993549E-05,1,0.21645,0.1500960853,0.2195323562
0.6,0.8,0.0078125,0.0037735849,0,0.0131,0.045703061,0.015795966
0.6,0.8,0.0078125,0.0001011608,1,0.16675,0.1498141443,0.1854717817
0.6,0.8,0.015625,0.003868472,0,0.0128,0.0451233922,0.0153089586
0.6,0.8,0.015625,0.0001594388,1,0.147925,0.1492503862,0.1490629457
0.6,0.8,0.03125,0.0035366932,0,0.0153,0.0441907282,0.018411333
0.6,0.8,0.03125,0.000254696,1,0.096925,0.1481321269,0.11293019
0.6,0.8,0.0625,0.0031796502,0,0.020625,0.042192185,0.022311817
0.6,0.8,0.0625,0.0003985255,1,0.081575,0.1459158979,0.0974016042
0.6,0.8,0.125,0.0034812881,0,0.0215,0.0377536517,0.0199196723
0.6,0.8,0.125,0.0005590496,1,0.070375,0.1415386946,0.0803511725
0.6,0.8,0.25,0.0038277512,0,0.024,0.0289881994,0.0177125903
0.6,0.8,0.25,0.0009041591,1,0.0608,0.1327738305,0.0710210609
0.6,0.8,0.5,0.0056497175,0,0.0196,0.0109665991,0.0192318392
0.6,0.8,0.5,0.0015594542,1,0.078875,0.1152592807,0.0669845153
0.6,0.8,1,0.0101010101,0,0.016525,-0.0254274905,0.0218182153
0.6,0.8,1,0.0028030834,1,0.052025,0.0802592833,0.0595833983
0.6,1,0.001953125,0.0061068702,0,0.00755,0.0517064072,0.0157344459
0.6,1,0.001953125,3.57356632986E-05,1,0.353625,0.1568600012,0.3579975864
0.6,1,0.00390625,0.0019258546,0,0.025075,0.0533889235,0.0361167224
0.6,1,0.00390625,0.000039198,1,0.3526,0.156723889,0.3449254491
0.6,1,0.0078125,0.0019212296,0,0.0266,0.0531217187,0.0362028164
0.6,1,0.0078125,4.73714752662E-05,1,0.313175,0.1564511218,0.3140592475
0.6,1,0.015625,0.0019426906,0,0.027275,0.0525739618,0.0360668089
0.6,1,0.015625,6.90631582582E-05,1,0.230275,0.1559032647,0.2321170337
0.6,1,0.03125,0.0019772615,0,0.02935,0.0514820775,0.0358786011
0.6,1,0.03125,0.0001010535,1,0.18395,0.1548125019,0.1876527127
0.6,1,0.0625,0.0016618197,0,0.044675,0.0494654538,0.0393616042
0.6,1,0.0625,0.0001905397,1,0.1752,0.1526198913,0.1377285778
0.6,1,0.125,0.0020418581,0,0.03675,0.0449928467,0.0361826848
0.6,1,0.125,0.0003237032,1,0.12335,0.1482545792,0.1080977091
0.6,1,0.25,0.0030395137,0,0.031075,0.0359443776,0.0274406667
0.6,1,0.25,0.0005942653,1,0.077825,0.1395221143,0.0795590216
0.6,1,0.5,0.0043956044,0,0.0243,0.018125253,0.0217520145
0.6,1,0.5,0.0012070006,1,0.080575,0.1220260616,0.0723393718
0.6,1,1,0.0076628352,0,0.0203,-0.017754228,0.0250014653
0.6,1,1,0.0022284123,1,0.063025,0.0871226428,0.067168279
0.8,0,0.001953125,0.0039840637,0,0.014,0.0149296065,0.0078338575
0.8,0,0.001953125,0.0001146493,1,0.133275,0.1191263043,0.1624357756
0.8,0,0.00390625,0.0039840637,0,0.01385,0.014794999,0.0078536978
0.8,0,0.00390625,0.0001182802,1,0.122875,0.1189901188,0.1597080736
0.8,0,0.0078125,0.0039840637,0,0.01265,0.0145257842,0.0078933782
0.8,0,0.0078125,0.000130736,1,0.1298,0.1187154905,0.1542896143
0.8,0,0.015625,0.0039447732,0,0.013375,0.0140044307,0.0079947419
0.8,0,0.015625,0.0001505684,1,0.133925,0.1181684414,0.1456784522
0.8,0,0.03125,0.0039254171,0,0.01405,0.0129359837,0.0081643032
0.8,0,0.03125,0.0001899696,1,0.145225,0.1170744578,0.128571591
0.8,0,0.0625,0.004048583,0,0.015225,0.0107287355,0.008412774
0.8,0,0.0625,0.0002640961,1,0.113625,0.1148885227,0.1049405067
0.8,0,0.125,0.0048899756,0,0.014575,0.0060556178,0.0085764817
0.8,0,0.125,0.0003860631,1,0.07885,0.1105280767,0.092138008
0.8,0,0.25,0.0059701493,0,0.01595,-0.0030287147,0.0092413594
0.8,0,0.25,0.0006508298,1,0.071075,0.1017981307,0.0662918137
0.8,0,0.5,0.0082135524,0,0.01345,-0.0212334768,0.0105246037
0.8,0,0.5,0.0012380068,1,0.0911,0.0843131859,0.0629388546
0.8,0,1,0.0120481928,0,0.0117,-0.0573595614,0.013456305
0.8,0,1,0.0022038567,1,0.0523,0.049433915,0.0583253414
0.8,0.2,0.001953125,0.0085470085,0,0.0071,0.0195600913,0.0070964804
0.8,0.2,0.001953125,0.0001148336,1,0.17325,0.1257398242,0.1640390411
0.8,0.2,0.00390625,0.0088888889,0,0.00695,0.0192768983,0.0069248677
0.8,0.2,0.00390625,0.0001204674,1,0.17525,0.1256027682,0.1605675126
0.8,0.2,0.0078125,0.0100250627,0,0.0055,0.0185138875,0.0063282908
0.8,0.2,0.0078125,0.0001419446,1,0.15705,0.1253242191,0.1511958864
0.8,0.2,0.015625,0.0117302053,0,0.0048,0.0172343807,0.0054527719
0.8,0.2,0.015625,0.0001890895,1,0.138375,0.1247652996,0.1306163876
0.8,0.2,0.03125,0.0138408304,0,0.00425,0.0152402162,0.0044295437
0.8,0.2,0.03125,0.000251699,1,0.106375,0.1236612294,0.1078067592
0.8,0.2,0.0625,0.0168776371,0,0.003825,0.0117666618,0.0030463757
0.8,0.2,0.0625,0.0003626473,1,0.120675,0.121459291,0.095900765
0.8,0.2,0.125,0.0203045685,0,0.003475,0.0059698353,0.0017621816
0.8,0.2,0.125,0.0005166624,1,0.081175,0.1170849166,0.0795674587
0.8,0.2,0.25,0.0213903743,0,0.003975,-0.003116945,0.0024239054
0.8,0.2,0.25,0.00081616,1,0.0599,0.1083398761,0.0664505447
0.8,0.2,0.5,0.0187793427,0,0.00575,-0.0192119067,0.0064256331
0.8,0.2,0.5,0.0014858841,1,0.0656,0.0908190552,0.0622691987
0.8,0.2,1,0.0122324159,0,0.01275,-0.0508260272,0.0151710121
0.8,0.2,1,0.0025031289,1,0.054225,0.0559174474,0.0571399215
0.8,0.4,0.001953125,0.01,0,0.005925,0.0255422024,0.0081006772
0.8,0.4,0.001953125,0.0001057418,1,0.186425,0.1323573756,0.1764427914
0.8,0.4,0.00390625,0.0076923077,0,0.0078,0.026410548,0.0094128252
0.8,0.4,0.00390625,0.0001096071,1,0.196625,0.1322210883,0.1719621882
0.8,0.4,0.0078125,0.0076775432,0,0.0072,0.02614775,0.0094607738
0.8,0.4,0.0078125,0.0001427756,1,0.16855,0.131937458,0.1526496519
0.8,0.4,0.015625,0.007797271,0,0.00735,0.0255572851,0.0094730871
0.8,0.4,0.015625,0.0001995012,1,0.126275,0.1313743746,0.127871854
0.8,0.4,0.03125,0.0076775432,0,0.0079,0.024532461,0.0096988566
0.8,0.4,0.03125,0.000290339,1,0.11385,0.1302580359,0.1053675725
0.8,0.4,0.0625,0.0064620355,0,0.0103,0.0229070176,0.0106969846
0.8,0.4,0.0625,0.0004195071,1,0.10535,0.1280481791,0.091454266
0.8,0.4,0.125,0.0052015605,0,0.015475,0.019147399,0.0120377381
0.8,0.4,0.125,0.0006281407,1,0.065875,0.1236500667,0.0691035031
0.8,0.4,0.25,0.0062305296,0,0.014275,0.0100853206,0.0127312904
0.8,0.4,0.25,0.0009350164,1,0.061625,0.1149018195,0.0670756547
0.8,0.4,0.5,0.0079365079,0,0.01615,-0.0078858697,0.0143154926
0.8,0.4,0.5,0.0015822785,1,0.0586,0.097390761,0.0631197222
0.8,0.4,1,0.012012012,0,0.012975,-0.0441166368,0.0171123103
0.8,0.4,1,0.0027567195,1,0.0528,0.0624208337,0.0564129308
0.8,0.6,0.001953125,0.0105263158,0,0.00525,0.0319270587,0.0096238124
0.8,0.6,0.001953125,9.21128382268E-05,1,0.20535,0.1389768989,0.1941291838
0.8,0.6,0.00390625,0.0057471264,0,0.009625,0.0338695491,0.0123199987
0.8,0.6,0.00390625,9.58083832335E-05,1,0.212975,0.1388406854,0.1898462074
0.8,0.6,0.0078125,0.0055248619,0,0.00965,0.0336969333,0.0124841473
0.8,0.6,0.0078125,0.0001301829,1,0.169275,0.1385565309,0.1599856145
0.8,0.6,0.015625,0.0052151239,0,0.010375,0.0332931198,0.0127369615
0.8,0.6,0.015625,0.0001895285,1,0.1312,0.1379923088,0.134059756
0.8,0.6,0.03125,0.0043383948,0,0.0132,0.0325972983,0.0133866517
0.8,0.6,0.03125,0.0002767209,1,0.10825,0.1368775546,0.1086857835
0.8,0.6,0.0625,0.0041450777,0,0.0163,0.0305275976,0.013812353
0.8,0.6,0.0625,0.0004401408,1,0.096675,0.1346528114,0.0909988682
0.8,0.6,0.125,0.0045819015,0,0.01695,0.0260303108,0.0142026192
0.8,0.6,0.125,0.0006303183,1,0.085225,0.1302627203,0.0706814942
0.8,0.6,0.25,0.0051948052,0,0.0193,0.0171490599,0.0151291681
0.8,0.6,0.25,0.0009854644,1,0.06225,0.1214934941,0.0683872645
0.8,0.6,0.5,0.007079646,0,0.017775,-0.0008998664,0.0166132072
0.8,0.6,0.5,0.0016299919,1,0.07385,0.1039836241,0.0644587753
0.8,0.6,1,0.0118343195,0,0.0124,-0.0374258093,0.0190296901
0.8,0.6,1,0.0028510335,1,0.05465,0.0689934436,0.0572843316
0.8,0.8,0.001953125,0.0102040816,0,0.004725,0.0386807058,0.0116221355
0.8,0.8,0.001953125,7.06613906162E-05,1,0.2256,0.145599822,0.2241169714
0.8,0.8,0.00390625,0.004077472,0,0.01225,0.0412088026,0.0150728772
0.8,0.8,0.00390625,7.18816827502E-05,1,0.2134,0.1454646842,0.2195225877
0.8,0.8,0.0078125,0.0037878788,0,0.013,0.0410654487,0.0156525223
0.8,0.8,0.0078125,0.0001061571,1,0.192825,0.1451805728,0.1796544723
0.8,0.8,0.015625,0.0035523979,0,0.01435,0.0406293621,0.0180950096
0.8,0.8,0.015625,0.0001602115,1,0.139525,0.1446186504,0.1487243475
0.8,0.8,0.03125,0.0035335689,0,0.015825,0.0395606861,0.0184426862
0.8,0.8,0.03125,0.0002480313,1,0.106525,0.1435036234,0.113664456
0.8,0.8,0.0625,0.0033167496,0,0.01995,0.0375011998,0.0209359812
0.8,0.8,0.0625,0.0003703018,1,0.08855,0.1412967643,0.1005110702
0.8,0.8,0.125,0.0038424592,0,0.019825,0.0329652821,0.0164345789
0.8,0.8,0.125,0.000575871,1,0.073925,0.1368999838,0.0784979211
0.8,0.8,0.25,0.0039564787,0,0.022875,0.0243008527,0.0176405029
0.8,0.8,0.25,0.0008954556,1,0.0672,0.1281462132,0.071108404
0.8,0.8,0.5,0.0057971014,0,0.0204,0.0062711441,0.0191493042
0.8,0.8,0.5,0.0015461925,1,0.06605,0.1106336444,0.0671176006
0.8,0.8,1,0.0104166667,0,0.015025,-0.030196079,0.0216414477
0.8,0.8,1,0.0027586207,1,0.050975,0.0756472074,0.0600295958
0.8,1,0.001953125,0.0090909091,0,0.005725,0.0457781051,0.0140633841
0.8,1,0.001953125,3.36754194694E-05,1,0.367875,0.1522294966,0.3657878737
0.8,1,0.00390625,0.0025031289,0,0.02155,0.0485066326,0.03032359
0.8,1,0.00390625,3.94734245169E-05,1,0.3569,0.1520923693,0.3438840345
0.8,1,0.0078125,0.0024737168,0,0.022575,0.0482502006,0.0306584308
0.8,1,0.0078125,4.83068450799E-05,1,0.320825,0.1518193153,0.3105223848
0.8,1,0.015625,0.0024721879,0,0.0234,0.0477124354,0.0307531345
0.8,1,0.015625,6.98567935732E-05,1,0.231275,0.1512715197,0.2291161038
0.8,1,0.03125,0.0023952096,0,0.027425,0.0466690318,0.0316843583
0.8,1,0.03125,0.0001071639,1,0.212075,0.1501784462,0.1805381906
0.8,1,0.0625,0.00249066,0,0.0293,0.0444738291,0.0310439263
0.8,1,0.0625,0.0001706557,1,0.1296,0.1479971331,0.1464417151
0.8,1,0.125,0.0024067389,0,0.036475,0.0402028648,0.0325209894
0.8,1,0.125,0.0003145891,1,0.1019,0.1436271403,0.1091018302
0.8,1,0.25,0.0030698388,0,0.03045,0.0312997979,0.0271363441
0.8,1,0.25,0.0006009615,1,0.074725,0.1348878041,0.0788212858
0.8,1,0.5,0.0047904192,0,0.022025,0.0133222613,0.0215309183
0.8,1,0.5,0.001211754,1,0.097175,0.1173925957,0.0722916698
0.8,1,1,0.0079365079,0,0.0184,-0.0225045697,0.0248482086
0.8,1,1,0.0023696682,1,0.059275,0.0824298512,0.06575073
1,0,0.001953125,0.0046189376,0,0.01225,0.010022282,0.0074783282
1,0,0.001953125,0.0001080877,1,0.115525,0.1144977561,0.1700756793
1,0,0.00390625,0.004587156,0,0.013375,0.0099014873,0.0075159661
1,0,0.00390625,0.0001190051,1,0.133825,0.1143584038,0.1593904179
1,0,0.0078125,0.0045351474,0,0.011275,0.0096548761,0.0075847714
1,0,0.0078125,0.0001331868,1,0.15425,0.1140830254,0.1532156824
1,0,0.015625,0.004494382,0,0.011625,0.0091341636,0.0076869609
1,0,0.015625,0.000149098,1,0.1347,0.1135376805,0.1463227972
1,0,0.03125,0.0044101433,0,0.01245,0.0080939154,0.0078928565
1,0,0.03125,0.0001862978,1,0.13695,0.1124446536,0.1301805747
1,0,0.0625,0.0043859649,0,0.0182,0.0059507049,0.0082238401
1,0,0.0625,0.0002613184,1,0.109825,0.1102583299,0.1052465412
1,0,0.125,0.0055555556,0,0.01365,0.0011349481,0.0082037569
1,0,0.125,0.0003892186,1,0.0865,0.1058953053,0.0917903567
1,0,0.25,0.0070052539,0,0.01375,-0.0081099846,0.0086617008
1,0,0.25,0.0006426735,1,0.066075,0.0971702755,0.0663736647
1,0,0.5,0.0092165899,0,0.01255,-0.02630081,0.0099629027
1,0,0.5,0.0012135922,1,0.072025,0.0796923968,0.0631838627
1,0,1,0.0136986301,0,0.010275,-0.062708263,0.0125320601
1,0,1,0.0022123894,1,0.065725,0.0447988066,0.0582397137
1,0.2,0.001953125,0.0080321285,0,0.0075,0.0151524649,0.0073848133
1,0.2,0.001953125,0.0001137171,1,0.175775,0.1211089094,0.1653390174
1,0.2,0.00390625,0.009569378,0,0.006475,0.0143497489,0.0065437938
1,0.2,0.00390625,0.0001189874,1,0.175975,0.1209720115,0.1612160461
1,0.2,0.0078125,0.0116618076,0,0.004825,0.0131711369,0.0054117137
1,0.2,0.0078125,0.0001434617,1,0.164875,0.1206921598,0.1505310986
1,0.2,0.015625,0.0143884892,0,0.004025,0.0114476559,0.0039641329
1,0.2,0.015625,0.000179638,1,0.12115,0.1201380074,0.1347580304
1,0.2,0.03125,0.0179372197,0,0.003375,0.0088284722,0.0021355657
1,0.2,0.03125,0.0002418818,1,0.117525,0.119034096,0.1088883349
1,0.2,0.0625,0.0228571429,0,0.00275,0.0045364909,-0.0003021475
1,0.2,0.0625,0.0003490401,1,0.1235,0.1168338049,0.0973999002
1,0.2,0.125,0.0285714286,0,0.00245,-0.0022544495,-0.00286726
1,0.2,0.125,0.0005028916,1,0.082125,0.1124595015,0.0810846125
1,0.2,0.25,0.0350877193,0,0.00235,-0.0137013892,-0.0052466078
1,0.2,0.25,0.0008385744,1,0.059725,0.1036987344,0.0662256084
1,0.2,0.5,0.04,0,0.002675,-0.0330660802,-0.005457935
1,0.2,0.5,0.0014571949,1,0.074,0.0862001239,0.062557104
1,0.2,1,0.0519480519,0,0.00325,-0.0727183589,-0.0070697441
1,0.2,1,0.0025348542,1,0.061475,0.0512722592,0.0568215476
1,0.4,0.001953125,0.010230179,0,0.005825,0.0208107636,0.007971777
1,0.4,0.001953125,0.0001020747,1,0.179525,0.1277275694,0.1807125016
1,0.4,0.00390625,0.0070052539,0,0.00855,0.0220777505,0.0097975753
1,0.4,0.00390625,0.0001094451,1,0.185225,0.1275897587,0.1721507453
1,0.4,0.0078125,0.0073126143,0,0.007675,0.0216749529,0.009665134
1,0.4,0.0078125,0.0001384706,1,0.1715,0.127307929,0.1545360844
1,0.4,0.015625,0.0075329567,0,0.0076,0.0210407595,0.0096211031
1,0.4,0.015625,0.000195322,1,0.138025,0.1267447909,0.1297031809
1,0.4,0.03125,0.0074074074,0,0.008325,0.0200184655,0.0098501326
1,0.4,0.03125,0.0002740289,1,0.11725,0.1256337245,0.1071644897
1,0.4,0.0625,0.0051480051,0,0.0128,0.0188467123,0.0114328416
1,0.4,0.0625,0.0003880858,1,0.120725,0.1234304352,0.0949160249
1,0.4,0.125,0.0053404539,0,0.01505,0.0144556341,0.0119599578
1,0.4,0.125,0.0005618767,1,0.0847,0.1190474659,0.0764039656
1,0.4,0.25,0.0061538462,0,0.01475,0.0054872482,0.0127742332
1,0.4,0.25,0.0009285051,1,0.064675,0.1102732494,0.0671409973
1,0.4,0.5,0.0083682008,0,0.01385,-0.0127048891,0.0140737445
1,0.4,0.5,0.0015898251,1,0.0725,0.0927560811,0.0630439893
1,0.4,1,0.012987013,0,0.0112,-0.0491717849,0.0165663097
1,0.4,1,0.0027155465,1,0.0462,0.057807328,0.056826115
1,0.6,0.001953125,0.0113636364,0,0.004875,0.0269317483,0.0091549129
1,0.6,0.001953125,9.55474871011E-05,1,0.2203,0.1343440062,0.1901301351
1,0.6,0.00390625,0.0053908356,0,0.010425,0.0293929977,0.0125195215
1,0.6,0.00390625,9.37492675838E-05,1,0.200125,0.1342101803,0.1922436879
1,0.6,0.0078125,0.0052700922,0,0.01015,0.0291762595,0.0126268183
1,0.6,0.0078125,0.0001262786,1,0.171125,0.1339268278,0.1616964921
1,0.6,0.015625,0.0046620047,0,0.011425,0.0289021126,0.0130467083
1,0.6,0.015625,0.0001880229,1,0.1459,0.1333615632,0.1347195128
1,0.6,0.03125,0.0044345898,0,0.01305,0.0279240907,0.0133327825
1,0.6,0.03125,0.0002593529,1,0.10055,0.1322537029,0.1105992502
1,0.6,0.0625,0.0043196544,0,0.0157,0.0258203243,0.01371459
1,0.6,0.0625,0.0003728561,1,0.102275,0.1300506542,0.0984117871
1,0.6,0.125,0.0050697085,0,0.015625,0.0211869036,0.0139294472
1,0.6,0.125,0.0005804673,1,0.0873,0.1256529862,0.0761736672
1,0.6,0.25,0.0055944056,0,0.017725,0.0123439884,0.0149053919
1,0.6,0.25,0.0009594627,1,0.063925,0.1168733948,0.0686481999
1,0.6,0.5,0.0075046904,0,0.015125,-0.0057159962,0.0163751824
1,0.6,0.5,0.0016326531,1,0.059875,0.0993510675,0.0644320692
1,0.6,1,0.0123076923,0,0.013175,-0.0422629433,0.0187646013
1,0.6,1,0.0028129395,1,0.05175,0.0643785997,0.0576666169
1,0.8,0.001953125,0.0120481928,0,0.004125,0.0332478312,0.0105894333
1,0.8,0.001953125,7.32815477063E-05,1,0.2338,0.1409672832,0.2178728041
1,0.8,0.00390625,0.0040526849,0,0.0129,0.0365881754,0.0150867579
1,0.8,0.00390625,7.15422725403E-05,1,0.22255,0.1408334317,0.220805981
1,0.8,0.0078125,0.0038204394,0,0.013475,0.0364198975,0.0153257666
1,0.8,0.0078125,0.0001015022,1,0.179775,0.1405511959,0.1850742663
1,0.8,0.015625,0.0037950664,0,0.01405,0.0358924952,0.0156597531
1,0.8,0.015625,0.0001525437,1,0.144775,0.1399905829,0.1520843782
1,0.8,0.03125,0.0037878788,0,0.015425,0.0348187597,0.0158906051
1,0.8,0.03125,0.0002197199,1,0.108275,0.1388845279,0.1228065386
1,0.8,0.0625,0.0038535645,0,0.016525,0.032636493,0.0157934724
1,0.8,0.0625,0.0003329172,1,0.1043,0.1366816121,0.1046298194
1,0.8,0.125,0.0041884817,0,0.01905,0.0281834962,0.0162408063
1,0.8,0.125,0.0005415651,1,0.078425,0.1322834935,0.0822774796
1,0.8,0.25,0.0043290043,0,0.023725,0.0195075482,0.0174318886
1,0.8,0.25,0.0008828073,1,0.06385,0.1235203102,0.0712353331
1,0.8,0.5,0.0062111801,0,0.017825,0.0014597802,0.0189174201
1,0.8,0.5,0.0015467904,1,0.064775,0.1060019846,0.0671116004
1,0.8,1,0.0110497238,0,0.014625,-0.0351026138,0.0212869357
1,0.8,1,0.0027247956,1,0.060825,0.0710305082,0.0603690409
1,1,0.001953125,0.0120481928,0,0.004625,0.0398614312,0.0124073053
1,1,0.001953125,0.000033859,1,0.370925,0.1475980168,0.3650937325
1,1,0.00390625,0.0030464585,0,0.018575,0.0436390945,0.0248711038
1,1,0.00390625,3.78318563146E-05,1,0.3432,0.1474616827,0.3500912066
1,1,0.0078125,0.0029112082,0,0.019925,0.0434286612,0.0262680647
1,1,0.0078125,4.54736650637E-05,1,0.3064,0.1471891467,0.3212353335
1,1,0.015625,0.0029585799,0,0.020375,0.0428696431,0.0258720351
1,1,0.015625,0.00006832,1,0.242925,0.1466407876,0.234927056
1,1,0.03125,0.0028469751,0,0.022825,0.0418412886,0.0271507468
1,1,0.03125,0.0001002984,1,0.1676,0.1455500301,0.1885318888
1,1,0.0625,0.0028694405,0,0.025675,0.0396778062,0.0272427434
1,1,0.0625,0.0001781023,1,0.163,0.1433624967,0.143178631
1,1,0.125,0.003257329,0,0.02735,0.0352017873,0.0239850454
1,1,0.125,0.0003134551,1,0.115875,0.1389962331,0.1092267667
1,1,0.25,0.003257329,0,0.031575,0.0265869123,0.0252548204
1,1,0.25,0.0005841121,1,0.085075,0.1302637271,0.080677622
1,1,0.5,0.0050188206,0,0.021575,0.0085915951,0.0214030135
1,1,0.5,0.0011876485,1,0.103325,0.1127716723,0.0725335768
1,1,1,0.0086767896,0,0.018,-0.0274577058,0.0244336508
1,1,1,0.0021978022,1,0.06395,0.0778731464,0.0674754608
